Date,Adj Close
2004-06-10,6.116667
2004-06-14,6.066667
2004-06-15,6.25
2004-06-16,6.333333
2004-06-17,6.35
2004-06-18,6.343333
2004-06-21,6.363333
2004-06-22,6.353333
2004-06-23,6.296667
2004-06-24,6.333333
2004-06-25,6.333333
2004-06-28,6.333333
2004-06-29,6.366667
2004-06-30,6.366667
2004-07-01,6.366667
2004-07-02,6.383333
2004-07-06,6.363333
2004-07-07,6.35
2004-07-08,6.35
2004-07-09,6.333333
2004-07-12,6.303333
2004-07-13,6.353333
2004-07-14,6.366667
2004-07-15,6.35
2004-07-16,6.3
2004-07-19,6.333333
2004-07-20,6.333333
2004-07-21,6.336667
2004-07-22,6.406667
2004-07-23,6.3
2004-07-26,6.26
2004-07-27,6.26
2004-07-28,6.286667
2004-07-29,6.3
2004-07-30,6.313334
2004-08-02,6.34
2004-08-03,6.39
2004-08-04,6.35
2004-08-05,6.57
2004-08-06,6.473333
2004-08-09,6.36
2004-08-10,6.433333
2004-08-11,6.433333
2004-08-12,6.416667
2004-08-13,6.4
2004-08-16,6.386667
2004-08-17,6.283333
2004-08-18,6.303333
2004-08-19,6.373333
2004-08-20,6.466667
2004-08-23,6.393333
2004-08-24,6.433333
2004-08-25,6.446667
2004-08-26,6.48
2004-08-27,6.443333
2004-08-30,6.473333
2004-08-31,6.496666
2004-09-01,6.58
2004-09-02,6.656667
2004-09-03,6.866667
2004-09-07,6.913333
2004-09-08,6.773334
2004-09-09,7.133333
2004-09-10,7.453333
2004-09-13,7.52
2004-09-14,7.59
2004-09-15,7.496666
2004-09-16,7.396667
2004-09-17,7.333333
2004-09-20,7.466667
2004-09-21,7.453333
2004-09-22,7.483333
2004-09-23,7.646667
2004-09-24,7.533333
2004-09-27,7.536667
2004-09-28,7.693333
2004-09-29,7.88
2004-09-30,7.7
2004-10-01,7.836667
2004-10-04,8.14
2004-10-05,8.083333
2004-10-06,8.103333
2004-10-07,8.24
2004-10-08,8.3
2004-10-11,8.443334
2004-10-12,8.333333
2004-10-13,8.266666
2004-10-14,8.3
2004-10-15,8.04
2004-10-18,8.14
2004-10-19,8.15
2004-10-20,8.363334
2004-10-21,8.436666
2004-10-22,8.34
2004-10-25,8.386666
2004-10-26,8.463333
2004-10-27,8.716666
2004-10-28,8.73
2004-10-29,8.633333
2004-11-01,8.563334
2004-11-02,8.633333
2004-11-03,8.793333
2004-11-04,8.883333
2004-11-05,8.933333
2004-11-08,8.96
2004-11-09,8.543333
2004-11-10,8.7
2004-11-11,8.693334
2004-11-12,8.8
2004-11-15,8.503333
2004-11-16,8.616667
2004-11-17,8.616667
2004-11-18,8.586667
2004-11-19,8.593333
2004-11-22,8.683333
2004-11-23,8.62
2004-11-24,8.79
2004-11-26,8.966666
2004-11-29,8.94
2004-11-30,9.03
2004-12-01,9.633333
2004-12-02,10.043333
2004-12-03,10.266666
2004-12-06,10.03
2004-12-07,9.353333
2004-12-08,9.8
2004-12-09,9.943334
2004-12-10,9.97
2004-12-13,9.91
2004-12-14,10.013333
2004-12-15,10.11
2004-12-16,10.016666
2004-12-17,9.933333
2004-12-20,9.856667
2004-12-21,10.066667
2004-12-22,10.326667
2004-12-23,10.786667
2004-12-27,10.636666
2004-12-28,10.753333
2004-12-29,10.966666
2004-12-30,11.303333
2004-12-31,11.183333
2005-01-03,10.983334
2005-01-04,10.92
2005-01-05,10.606667
2005-01-06,10.723333
2005-01-07,10.733334
2005-01-10,11.153334
2005-01-11,10.916667
2005-01-12,11.25
2005-01-13,11.216666
2005-01-14,11.316667
2005-01-18,11.61
2005-01-19,11.4
2005-01-20,11.066667
2005-01-21,11.176666
2005-01-24,11.113334
2005-01-25,11
2005-01-26,11.2
2005-01-27,11.1
2005-01-28,11.153334
2005-01-31,11.663333
2005-02-01,11.83
2005-02-02,11.716666
2005-02-03,12.523334
2005-02-04,12.346666
2005-02-07,12.04
2005-02-08,12.333333
2005-02-09,12.25
2005-02-10,12.22
2005-02-11,12.633333
2005-02-14,12.693334
2005-02-15,12.59
2005-02-16,12.76
2005-02-17,12.57
2005-02-18,12.333333
2005-02-22,12.266666
2005-02-23,12.016666
2005-02-24,12.183333
2005-02-25,12.133333
2005-02-28,12.026667
2005-03-01,12.066667
2005-03-02,12.17
2005-03-03,12.17
2005-03-04,12.333333
2005-03-07,12.3
2005-03-08,12.023334
2005-03-09,11.733334
2005-03-10,11.573334
2005-03-11,11.52
2005-03-14,11.5
2005-03-15,11.453333
2005-03-16,11.516666
2005-03-17,11.63
2005-03-18,11.646667
2005-03-21,11.416667
2005-03-22,11.673333
2005-03-23,11.583333
2005-03-24,11.853333
2005-03-28,11.83
2005-03-29,11.416667
2005-03-30,11.566667
2005-03-31,11.663333
2005-04-01,11.626667
2005-04-04,11.4
2005-04-05,11.383333
2005-04-06,11.283334
2005-04-07,11.45
2005-04-08,11.393333
2005-04-11,11.586667
2005-04-12,11.663333
2005-04-13,11.106667
2005-04-14,11.253333
2005-04-15,10.913333
2005-04-18,10.883333
2005-04-19,11
2005-04-20,11.11
2005-04-21,11.316667
2005-04-22,11.47
2005-04-25,11.686666
2005-04-26,11.486667
2005-04-27,11.666667
2005-04-28,10.986667
2005-04-29,11.583333
2005-05-02,11.76
2005-05-03,11.826667
2005-05-04,11.766666
2005-05-05,11.45
2005-05-06,11.46
2005-05-09,11.603333
2005-05-10,11.4
2005-05-11,11.48
2005-05-12,11.373333
2005-05-13,11.2
2005-05-16,11.3
2005-05-17,11.386666
2005-05-18,11.8
2005-05-19,12.406667
2005-05-20,12.4
2005-05-23,12.813334
2005-05-24,12.966666
2005-05-25,12.71
2005-05-26,12.9
2005-05-27,12.96
2005-05-31,12.82
2005-06-01,12.573334
2005-06-02,12.873333
2005-06-03,12.846666
2005-06-06,13.006667
2005-06-07,12.95
2005-06-08,12.986667
2005-06-09,13.303333
2005-06-10,12.983334
2005-06-13,12.966666
2005-06-14,12.906667
2005-06-15,13.036667
2005-06-16,13.073334
2005-06-17,13.376667
2005-06-20,13.8
2005-06-21,13.603333
2005-06-22,13.666667
2005-06-23,13.72
2005-06-24,14.116667
2005-06-27,14.36
2005-06-28,14.666667
2005-06-29,14.38
2005-06-30,14.62
2005-07-01,14.376667
2005-07-05,14.596666
2005-07-06,14.76
2005-07-07,14.773334
2005-07-08,14.806666
2005-07-11,15.113334
2005-07-12,15.14
2005-07-13,14.526667
2005-07-14,14.053333
2005-07-15,14.05
2005-07-18,14.08
2005-07-19,14.503333
2005-07-20,14.39
2005-07-21,14.183333
2005-07-22,14.183333
2005-07-25,14.116667
2005-07-26,14.203333
2005-07-27,14.896667
2005-07-28,15.256667
2005-07-29,15.346666
2005-08-01,15.22
2005-08-02,15.363334
2005-08-03,16.283333
2005-08-04,15.99
2005-08-05,15.62
2005-08-08,15.336667
2005-08-09,15.63
2005-08-10,15.74
2005-08-11,15.95
2005-08-12,15.9
2005-08-15,15.966666
2005-08-16,16.006666
2005-08-17,15.486667
2005-08-18,15.333333
2005-08-19,15.4
2005-08-22,15.543333
2005-08-23,15.45
2005-08-24,15.503333
2005-08-25,15.25
2005-08-26,14.433333
2005-08-29,14.413333
2005-08-30,15.396667
2005-08-31,16.253334
2005-09-01,16.370001
2005-09-02,16.196667
2005-09-06,16.366667
2005-09-07,16.536667
2005-09-08,16.493334
2005-09-09,16.493334
2005-09-12,16.316668
2005-09-13,16.193333
2005-09-14,16.08
2005-09-15,16.17
2005-09-16,15.686666
2005-09-19,15.783334
2005-09-20,15.713333
2005-09-21,15.25
2005-09-22,14.943334
2005-09-23,15.13
2005-09-26,14.97
2005-09-27,14.666667
2005-09-28,15.603333
2005-09-29,16.263334
2005-09-30,16.4
2005-10-03,16.836666
2005-10-04,16.426666
2005-10-05,16.299999
2005-10-06,15.933333
2005-10-07,15.7
2005-10-10,15.746667
2005-10-11,15.636666
2005-10-12,15.733334
2005-10-13,15.753333
2005-10-14,16.1
2005-10-17,15.996667
2005-10-18,15.406667
2005-10-19,15.24
2005-10-20,15.143333
2005-10-21,15.29
2005-10-24,15.936666
2005-10-25,15.536667
2005-10-26,15.666667
2005-10-27,15.276667
2005-10-28,15.64
2005-10-31,16.283333
2005-11-01,16.533333
2005-11-02,18.773333
2005-11-03,18.67
2005-11-04,18.016666
2005-11-07,18.466667
2005-11-08,18.116667
2005-11-09,17.6
2005-11-10,17.98
2005-11-11,17.833334
2005-11-14,17.76
2005-11-15,17.283333
2005-11-16,17.583334
2005-11-17,17.733334
2005-11-18,17.776667
2005-11-21,18.4
2005-11-22,18.666666
2005-11-23,18.706667
2005-11-25,18.883333
2005-11-28,18.583334
2005-11-29,18.5
2005-11-30,18.5
2005-12-01,18.450001
2005-12-02,18.496666
2005-12-05,17.893333
2005-12-06,17.933332
2005-12-07,17.549999
2005-12-08,17.753334
2005-12-09,17.67
2005-12-12,18.216667
2005-12-13,18.116667
2005-12-14,18.35
2005-12-15,18.833334
2005-12-16,19.316668
2005-12-19,18.9
2005-12-20,19.040001
2005-12-21,19.053333
2005-12-22,19.373333
2005-12-23,19.463333
2005-12-27,19.806667
2005-12-28,19.816668
2005-12-29,19.73
2005-12-30,19.616667
2006-01-03,20.096666
2006-01-04,20.316668
2006-01-05,20.633333
2006-01-06,20.733334
2006-01-09,20.916666
2006-01-10,21.166666
2006-01-11,21.290001
2006-01-12,21.256666
2006-01-13,20.450001
2006-01-17,20.333334
2006-01-18,20.546667
2006-01-19,20.75
2006-01-20,20.653334
2006-01-23,21.056667
2006-01-24,21.09
2006-01-25,20.806667
2006-01-26,21.163334
2006-01-27,20.996666
2006-01-30,21.416666
2006-01-31,21.040001
2006-02-01,21.23
2006-02-02,23.02
2006-02-03,22.753334
2006-02-06,22.540001
2006-02-07,22.136667
2006-02-08,21.906666
2006-02-09,22.133333
2006-02-10,21.706667
2006-02-13,21.733334
2006-02-14,22.24
2006-02-15,22.66
2006-02-16,23.176666
2006-02-17,23.316668
2006-02-21,22.636667
2006-02-22,23.049999
2006-02-23,22.993334
2006-02-24,23.276667
2006-02-27,23.706667
2006-02-28,22.893333
2006-03-01,23.879999
2006-03-02,24.110001
2006-03-03,24.559999
2006-03-06,24.133333
2006-03-07,23.416666
2006-03-08,23.286667
2006-03-09,23.16
2006-03-10,23.6
2006-03-13,23.5
2006-03-14,24.41
2006-03-15,25.283333
2006-03-16,24.883333
2006-03-17,24.903334
2006-03-20,24.883333
2006-03-21,24.633333
2006-03-22,24.783333
2006-03-23,25.116667
2006-03-24,25.813334
2006-03-27,26.203333
2006-03-28,26.813334
2006-03-29,27.4
2006-03-30,27.42
2006-03-31,26.9
2006-04-03,26.450001
2006-04-04,26.6
2006-04-05,26.9
2006-04-06,27.360001
2006-04-07,27.236666
2006-04-10,26.959999
2006-04-11,27.156666
2006-04-12,27.266666
2006-04-13,27.25
2006-04-17,26.816668
2006-04-18,28.186666
2006-04-19,28.506666
2006-04-20,28.596666
2006-04-21,28.4
2006-04-24,27.796667
2006-04-25,27.156666
2006-04-26,28.6
2006-04-27,29
2006-04-28,29.296667
2006-05-01,28.826666
2006-05-02,28.15
2006-05-03,28.99
2006-05-04,28.66
2006-05-05,29.016666
2006-05-08,29.133333
2006-05-09,29.190001
2006-05-10,29.013334
2006-05-11,28.766666
2006-05-12,27.813334
2006-05-15,26.536667
2006-05-16,27.610001
2006-05-17,25.976667
2006-05-18,26.27
2006-05-19,25.803333
2006-05-22,25.52
2006-05-23,25.383333
2006-05-24,23.856667
2006-05-25,25.243334
2006-05-26,25.503334
2006-05-30,24.860001
2006-05-31,25.790001
2006-06-01,26.1
2006-06-02,26.799999
2006-06-05,25.84
2006-06-06,24.459999
2006-06-07,23.120001
2006-06-08,23.700001
2006-06-09,24.26
2006-06-12,23.49
2006-06-13,22.76
2006-06-14,23
2006-06-15,23.700001
2006-06-16,23.459999
2006-06-19,23.219999
2006-06-20,22.360001
2006-06-21,22.719999
2006-06-22,22.639999
2006-06-23,22.790001
2006-06-26,24.01
2006-06-27,23.77
2006-06-28,23.639999
2006-06-29,24.9
2006-06-30,24.9
2006-07-03,25.110001
2006-07-05,25.459999
2006-07-06,25.360001
2006-07-07,25.059999
2006-07-10,24.950001
2006-07-11,24.700001
2006-07-12,24.030001
2006-07-13,23.6
2006-07-14,22.98
2006-07-17,22.93
2006-07-18,22.879999
2006-07-19,23.85
2006-07-20,22.83
2006-07-21,22
2006-07-24,23.139999
2006-07-25,24.01
2006-07-26,25.139999
2006-07-27,22.93
2006-07-28,23.299999
2006-07-31,23.530001
2006-08-01,22.879999
2006-08-02,22.9
2006-08-03,23.700001
2006-08-04,23.91
2006-08-07,24.040001
2006-08-08,22.879999
2006-08-09,21.690001
2006-08-10,20.92
2006-08-11,20.6
2006-08-14,20.34
2006-08-15,21.35
2006-08-16,21.17
2006-08-17,21.24
2006-08-18,21.18
2006-08-21,20.85
2006-08-22,21.190001
2006-08-23,21
2006-08-24,21.049999
2006-08-25,21.51
2006-08-28,22.07
2006-08-29,22.25
2006-08-30,22.620001
2006-08-31,23
2006-09-01,22.84
2006-09-05,23.940001
2006-09-06,23.459999
2006-09-07,23.700001
2006-09-08,23.49
2006-09-11,23.280001
2006-09-12,24.58
2006-09-13,24.879999
2006-09-14,24.5
2006-09-15,24.9
2006-09-18,24.51
2006-09-19,25.16
2006-09-20,24.690001
2006-09-21,25.24
2006-09-22,24.700001
2006-09-25,25.17
2006-09-26,25
2006-09-27,24.860001
2006-09-28,24.9
2006-09-29,24.6
2006-10-02,24.01
2006-10-03,23.860001
2006-10-04,24.280001
2006-10-05,24.200001
2006-10-06,23.700001
2006-10-09,24.209999
2006-10-10,23.92
2006-10-11,24.23
2006-10-12,25.99
2006-10-13,25.52
2006-10-16,26.25
2006-10-17,26.49
2006-10-18,26.49
2006-10-19,26.15
2006-10-20,25.5
2006-10-23,25.33
2006-10-24,25.379999
2006-10-25,25
2006-10-26,28.450001
2006-10-27,28.719999
2006-10-30,28.219999
2006-10-31,30.030001
2006-11-01,28.91
2006-11-02,28.610001
2006-11-03,28.389999
2006-11-06,29.26
2006-11-07,29.67
2006-11-08,30.18
2006-11-09,31.48
2006-11-10,31.27
2006-11-13,31.6
2006-11-14,31.92
2006-11-15,31.870001
2006-11-16,31.98
2006-11-17,31.700001
2006-11-20,31.4
2006-11-21,33.220001
2006-11-22,32.810001
2006-11-24,32.610001
2006-11-27,31.92
2006-11-28,32.209999
2006-11-29,32.66
2006-11-30,32.93
2006-12-01,32.810001
2006-12-04,33.509998
2006-12-05,33.580002
2006-12-06,33.599998
2006-12-07,33.080002
2006-12-08,33
2006-12-11,32.700001
2006-12-12,32.959999
2006-12-13,32.5
2006-12-14,33.09
2006-12-15,32.939999
2006-12-18,32.77
2006-12-19,32.619999
2006-12-20,32.66
2006-12-21,32.5
2006-12-22,32.470001
2006-12-26,32.759998
2006-12-27,33.400002
2006-12-28,33.830002
2006-12-29,33.200001
2007-01-03,33.650002
2007-01-04,33.34
2007-01-05,33.099998
2007-01-08,33.220001
2007-01-09,33.970001
2007-01-10,34.25
2007-01-11,34.939999
2007-01-12,34.16
2007-01-16,35.91
2007-01-17,35.700001
2007-01-18,35.279999
2007-01-19,35.029999
2007-01-22,35.400002
2007-01-23,36.040001
2007-01-24,37.110001
2007-01-25,35.380001
2007-01-26,35.630001
2007-01-29,37.009998
2007-01-30,36.75
2007-01-31,37.610001
2007-02-01,37.73
2007-02-02,38.689999
2007-02-05,38.419998
2007-02-06,38.48
2007-02-07,38.369999
2007-02-08,38.43
2007-02-09,36.66
2007-02-12,35.509998
2007-02-13,36
2007-02-14,37.34
2007-02-15,37.25
2007-02-16,37
2007-02-20,37.02
2007-02-21,37.07
2007-02-22,36.310001
2007-02-23,36.169998
2007-02-26,35.310001
2007-02-27,33.470001
2007-02-28,33.310001
2007-03-01,33.68
2007-03-02,32.560001
2007-03-05,31.459999
2007-03-06,32.490002
2007-03-07,32.279999
2007-03-08,33.610001
2007-03-09,33.93
2007-03-12,33.650002
2007-03-13,31.969999
2007-03-14,32.209999
2007-03-15,32.880001
2007-03-16,33.52
2007-03-19,34.540001
2007-03-20,34.869999
2007-03-21,36.060001
2007-03-22,35.669998
2007-03-23,36.049999
2007-03-26,35.57
2007-03-27,34.73
2007-03-28,34.389999
2007-03-29,34.130001
2007-03-30,34.18
2007-04-02,34.029999
2007-04-03,34.75
2007-04-04,34.599998
2007-04-05,34.48
2007-04-09,34.09
2007-04-10,33.759998
2007-04-11,33.549999
2007-04-12,33.91
2007-04-13,33.419998
2007-04-16,33.709999
2007-04-17,35.68
2007-04-18,36.509998
2007-04-19,35.619999
2007-04-20,36.189999
2007-04-23,35.279999
2007-04-24,35.48
2007-04-25,35.68
2007-04-26,35.52
2007-04-27,35.34
2007-04-30,33.849998
2007-05-01,33.650002
2007-05-02,38.389999
2007-05-03,37.830002
2007-05-04,37.43
2007-05-07,37.310001
2007-05-08,37.580002
2007-05-09,37.59
2007-05-10,37.040001
2007-05-11,37.459999
2007-05-14,37.169998
2007-05-15,36.110001
2007-05-16,36.049999
2007-05-17,36.810001
2007-05-18,37.330002
2007-05-21,37.700001
2007-05-22,37.709999
2007-05-23,37.369999
2007-05-24,36.369999
2007-05-25,36.049999
2007-05-29,36.080002
2007-05-30,37.349998
2007-05-31,37.220001
2007-06-01,36.779999
2007-06-04,37.110001
2007-06-05,36.720001
2007-06-06,36.669998
2007-06-07,36.16
2007-06-08,36.619999
2007-06-11,36.599998
2007-06-12,36.34
2007-06-13,37.509998
2007-06-14,37.77
2007-06-15,39.400002
2007-06-18,39.290001
2007-06-19,38.650002
2007-06-20,38.07
2007-06-21,38.759998
2007-06-22,37.759998
2007-06-25,36.779999
2007-06-26,36.240002
2007-06-27,36.759998
2007-06-28,37
2007-06-29,36.5
2007-07-02,37.43
2007-07-03,36.93
2007-07-05,38.200001
2007-07-06,39.549999
2007-07-09,38.529999
2007-07-10,37.290001
2007-07-11,38.849998
2007-07-12,39.869999
2007-07-13,41.130001
2007-07-16,40.959999
2007-07-17,40.869999
2007-07-18,40.43
2007-07-19,41.439999
2007-07-20,39.75
2007-07-23,39.25
2007-07-24,37.360001
2007-07-25,37.779999
2007-07-26,35.220001
2007-07-27,34.5
2007-07-30,35.400002
2007-07-31,34.919998
2007-08-01,34.27
2007-08-02,34.400002
2007-08-03,31.26
2007-08-06,32.099998
2007-08-07,31.77
2007-08-08,30.77
2007-08-09,29.51
2007-08-10,29.860001
2007-08-13,31
2007-08-14,28
2007-08-15,27.01
2007-08-16,29.1
2007-08-17,28.299999
2007-08-20,28.450001
2007-08-21,30.1
2007-08-22,31.01
2007-08-23,31.35
2007-08-24,30.76
2007-08-27,30.09
2007-08-28,28.719999
2007-08-29,28.91
2007-08-30,28.120001
2007-08-31,29.52
2007-09-04,29.99
2007-09-05,27.190001
2007-09-06,27.65
2007-09-07,25.5
2007-09-10,24.08
2007-09-11,24.6
2007-09-12,24.620001
2007-09-13,25.52
2007-09-14,25.26
2007-09-17,25.18
2007-09-18,27.16
2007-09-19,28.17
2007-09-20,28.16
2007-09-21,29.01
2007-09-24,28.58
2007-09-25,27.870001
2007-09-26,27.940001
2007-09-27,28.58
2007-09-28,27.84
2007-10-01,28.07
2007-10-02,27.969999
2007-10-03,28.23
2007-10-04,27.700001
2007-10-05,28.620001
2007-10-08,27.51
2007-10-09,27.15
2007-10-10,26.950001
2007-10-11,26.059999
2007-10-12,26.440001
2007-10-15,25.620001
2007-10-16,24.91
2007-10-17,25.139999
2007-10-18,24.34
2007-10-19,23.799999
2007-10-22,24.34
2007-10-23,25.49
2007-10-24,25.200001
2007-10-25,24.77
2007-10-26,25.860001
2007-10-29,26.74
2007-10-30,24.52
2007-10-31,24.379999
2007-11-01,23.139999
2007-11-02,22.42
2007-11-05,21.09
2007-11-06,21.82
2007-11-07,20.5
2007-11-08,20.77
2007-11-09,20.129999
2007-11-12,20.16
2007-11-13,19.969999
2007-11-14,19.379999
2007-11-15,19.280001
2007-11-16,19.59
2007-11-19,18.75
2007-11-20,18.450001
2007-11-21,18.379999
2007-11-23,19.799999
2007-11-26,20.049999
2007-11-27,21.120001
2007-11-28,24.290001
2007-11-29,23.26
2007-11-30,23.75
2007-12-03,23.6
2007-12-04,22.200001
2007-12-05,22.969999
2007-12-06,23.76
2007-12-07,23.889999
2007-12-10,24.370001
2007-12-11,23.209999
2007-12-12,23.200001
2007-12-13,23
2007-12-14,21.66
2007-12-17,21.639999
2007-12-18,21.549999
2007-12-19,22.299999
2007-12-20,21.58
2007-12-21,22.209999
2007-12-24,22.639999
2007-12-26,21.75
2007-12-27,21.389999
2007-12-28,21.360001
2007-12-31,21.549999
2008-01-02,21.379999
2008-01-03,20.889999
2008-01-04,19.4
2008-01-07,18.77
2008-01-08,18.4
2008-01-09,17.73
2008-01-10,17.51
2008-01-11,17.91
2008-01-14,17.870001
2008-01-15,17.209999
2008-01-16,17.290001
2008-01-17,16.129999
2008-01-18,16.440001
2008-01-22,16.870001
2008-01-23,18.299999
2008-01-24,18.360001
2008-01-25,18.059999
2008-01-28,18.51
2008-01-29,18.32
2008-01-30,18.450001
2008-01-31,19.370001
2008-02-01,19.959999
2008-02-04,19.1
2008-02-05,17.75
2008-02-06,18.139999
2008-02-07,18.83
2008-02-08,17.969999
2008-02-11,18.639999
2008-02-12,19.26
2008-02-13,19.700001
2008-02-14,19.6
2008-02-15,19.42
2008-02-19,20.33
2008-02-20,20.639999
2008-02-21,20.35
2008-02-22,21.01
2008-02-25,21.93
2008-02-26,21.76
2008-02-27,21.959999
2008-02-28,21.530001
2008-02-29,20.059999
2008-03-03,20.040001
2008-03-04,19.450001
2008-03-05,18.99
2008-03-06,18.4
2008-03-07,18.48
2008-03-10,17.690001
2008-03-11,19.200001
2008-03-12,18.700001
2008-03-13,19.370001
2008-03-14,18.370001
2008-03-17,18.120001
2008-03-18,20
2008-03-19,18.610001
2008-03-20,19.41
2008-03-24,22.040001
2008-03-25,21.809999
2008-03-26,21.309999
2008-03-27,21.059999
2008-03-28,20.959999
2008-03-31,21.639999
2008-04-01,22.440001
2008-04-02,22.4
2008-04-03,21.99
2008-04-04,21.68
2008-04-07,21.85
2008-04-08,21.360001
2008-04-09,20.85
2008-04-10,20.23
2008-04-11,20.35
2008-04-14,19.74
2008-04-15,19.799999
2008-04-16,21.110001
2008-04-17,21.16
2008-04-18,21.26
2008-04-21,22.85
2008-04-22,22.030001
2008-04-23,22.1
2008-04-24,23.42
2008-04-25,23.77
2008-04-28,23.58
2008-04-29,22.549999
2008-04-30,23.120001
2008-05-01,23.26
2008-05-02,23.629999
2008-05-05,23.02
2008-05-06,23.120001
2008-05-07,22.440001
2008-05-08,22.290001
2008-05-09,22.15
2008-05-12,22.5
2008-05-13,22.139999
2008-05-14,22.34
2008-05-15,23.5
2008-05-16,23.290001
2008-05-19,24.01
2008-05-20,23.209999
2008-05-21,21.969999
2008-05-22,21.75
2008-05-23,21.48
2008-05-27,21.67
2008-05-28,22.43
2008-05-29,22.6
2008-05-30,22.459999
2008-06-02,22
2008-06-03,21.99
2008-06-04,21.75
2008-06-05,22.219999
2008-06-06,21.309999
2008-06-09,20.59
2008-06-10,21.059999
2008-06-11,20.540001
2008-06-12,21.07
2008-06-13,21.34
2008-06-16,21.440001
2008-06-17,20.93
2008-06-18,20.23
2008-06-19,21.08
2008-06-20,20.620001
2008-06-23,20.27
2008-06-24,20.690001
2008-06-25,21.290001
2008-06-26,20.219999
2008-06-27,19.790001
2008-06-30,19.200001
2008-07-01,19.209999
2008-07-02,18.33
2008-07-03,18.469999
2008-07-07,18.51
2008-07-08,19.68
2008-07-09,17.959999
2008-07-10,18.360001
2008-07-11,17.959999
2008-07-14,17.379999
2008-07-15,17.709999
2008-07-16,18.5
2008-07-17,19.5
2008-07-18,19.299999
2008-07-21,18.959999
2008-07-22,20.08
2008-07-23,19.969999
2008-07-24,18.24
2008-07-25,18.26
2008-07-28,17.42
2008-07-29,18.65
2008-07-30,14.03
2008-07-31,14.05
2008-08-01,13.45
2008-08-04,13.45
2008-08-05,14.33
2008-08-06,14.38
2008-08-07,15.12
2008-08-08,16
2008-08-11,15.6
2008-08-12,15.1
2008-08-13,14.82
2008-08-14,14.97
2008-08-15,15.06
2008-08-18,14.53
2008-08-19,13.72
2008-08-20,13.47
2008-08-21,13.18
2008-08-22,13.61
2008-08-25,12.76
2008-08-26,13.04
2008-08-27,12.98
2008-08-28,13.16
2008-08-29,13.07
2008-09-02,13.29
2008-09-03,13.33
2008-09-04,12.7
2008-09-05,13.3
2008-09-08,13.85
2008-09-09,12.93
2008-09-10,13.51
2008-09-11,14.28
2008-09-12,14.64
2008-09-15,13.5
2008-09-16,13.95
2008-09-17,13.1
2008-09-18,13.69
2008-09-19,14.75
2008-09-22,13.01
2008-09-23,12.92
2008-09-24,13
2008-09-25,13.51
2008-09-26,13.88
2008-09-29,11.51
2008-09-30,13.37
2008-10-01,12.97
2008-10-02,10.7
2008-10-03,9.45
2008-10-06,8.23
2008-10-07,7.79
2008-10-08,8.67
2008-10-09,7.25
2008-10-10,9.25
2008-10-13,9
2008-10-14,7.97
2008-10-15,6.6
2008-10-16,6.64
2008-10-17,6.32
2008-10-20,6.99
2008-10-21,6.32
2008-10-22,5.39
2008-10-23,4.54
2008-10-24,4.43
2008-10-27,4.64
2008-10-28,5.86
2008-10-29,6.14
2008-10-30,6.51
2008-10-31,7.01
2008-11-03,7.51
2008-11-04,7.17
2008-11-05,6.29
2008-11-06,5.67
2008-11-07,7.1
2008-11-10,6.09
2008-11-11,4.68
2008-11-12,3.77
2008-11-13,5.39
2008-11-14,4.84
2008-11-17,4.55
2008-11-18,4.43
2008-11-19,4.03
2008-11-20,3.46
2008-11-21,3.49
2008-11-24,5.06
2008-11-25,4.49
2008-11-26,5.05
2008-11-28,4.56
2008-12-01,3.22
2008-12-02,3.4
2008-12-03,3.87
2008-12-04,3.65
2008-12-05,4.11
2008-12-08,4.71
2008-12-09,4.15
2008-12-10,4.07
2008-12-11,3.37
2008-12-12,4.08
2008-12-15,3.6
2008-12-16,4.11
2008-12-17,4.4
2008-12-18,3.95
2008-12-19,3.96
2008-12-22,3.96
2008-12-23,3.96
2008-12-24,3.96
2008-12-26,4.04
2008-12-29,3.84
2008-12-30,3.8
2008-12-31,4.32
2009-01-02,4.48
2009-01-05,4.35
2009-01-06,5
2009-01-07,4.94
2009-01-08,5.15
2009-01-09,4.77
2009-01-12,4.21
2009-01-13,4.52
2009-01-14,4.07
2009-01-15,4.01
2009-01-16,4.26
2009-01-20,3.5
2009-01-21,3.78
2009-01-22,3.71
2009-01-23,3.82
2009-01-26,3.87
2009-01-27,3.93
2009-01-28,4.48
2009-01-29,3.82
2009-01-30,3.6
2009-02-02,3.51
2009-02-03,3.54
2009-02-04,3.95
2009-02-05,3.91
2009-02-06,4.36
2009-02-09,4.37
2009-02-10,3.77
2009-02-11,4.21
2009-02-12,4.05
2009-02-13,3.76
2009-02-17,3.43
2009-02-18,3.58
2009-02-19,3.26
2009-02-20,3.33
2009-02-23,3.18
2009-02-24,3.47
2009-02-25,3.24
2009-02-26,3.05
2009-02-27,2.89
2009-03-02,2.53
2009-03-03,2.66
2009-03-04,2.78
2009-03-05,2.57
2009-03-06,2.52
2009-03-09,2.71
2009-03-10,3.39
2009-03-11,2.99
2009-03-12,3.28
2009-03-13,3.06
2009-03-16,2.61
2009-03-17,2.78
2009-03-18,3.05
2009-03-19,2.7
2009-03-20,2.36
2009-03-23,2.95
2009-03-24,3
2009-03-25,4.92
2009-03-26,5.01
2009-03-27,4.25
2009-03-30,3.77
2009-03-31,4.03
2009-04-01,3.99
2009-04-02,4.66
2009-04-03,5.02
2009-04-06,4.82
2009-04-07,4.38
2009-04-08,4.57
2009-04-09,5.31
2009-04-13,5.8
2009-04-14,5.13
2009-04-15,5.5
2009-04-16,5.7
2009-04-17,5.97
2009-04-20,5.14
2009-04-21,5.79
2009-04-22,5.91
2009-04-23,6.22
2009-04-24,7.13
2009-04-27,6.4
2009-04-28,6.24
2009-04-29,6.57
2009-04-30,7.5
2009-05-01,7.92
2009-05-04,9.04
2009-05-05,9.08
2009-05-06,9.53
2009-05-07,8.42
2009-05-08,9.37
2009-05-11,8.38
2009-05-12,7.95
2009-05-13,7
2009-05-14,7.43
2009-05-15,7.07
2009-05-18,7.93
2009-05-19,7.9
2009-05-20,7.32
2009-05-21,6.92
2009-05-22,6.77
2009-05-26,7.29
2009-05-27,6.75
2009-05-28,6.76
2009-05-29,7.3
2009-06-01,8.41
2009-06-02,8.44
2009-06-03,7.81
2009-06-04,8.29
2009-06-05,8.04
2009-06-08,7.92
2009-06-09,8.14
2009-06-10,9.25
2009-06-11,9.05
2009-06-12,9.81
2009-06-15,8.98
2009-06-16,8.77
2009-06-17,8.44
2009-06-18,8.53
2009-06-19,8.65
2009-06-22,7.66
2009-06-23,8.74
2009-06-24,8.54
2009-06-25,9.13
2009-06-26,9.37
2009-06-29,9.44
2009-06-30,9.36
2009-07-01,8.93
2009-07-02,8.52
2009-07-06,8.53
2009-07-07,7.95
2009-07-08,8.35
2009-07-09,8.09
2009-07-10,8.09
2009-07-13,8.36
2009-07-14,8.58
2009-07-15,9.22
2009-07-16,9.31
2009-07-17,9.3
2009-07-20,9.69
2009-07-21,9.63
2009-07-22,9.5
2009-07-23,9.78
2009-07-24,9.86
2009-07-27,10.47
2009-07-28,10.42
2009-07-29,9.93
2009-07-30,10.45
2009-07-31,10.9
2009-08-03,11.33
2009-08-04,11.46
2009-08-05,12.05
2009-08-06,11.39
2009-08-07,12.01
2009-08-10,11.5
2009-08-11,11.03
2009-08-12,11.24
2009-08-13,11.44
2009-08-14,11.15
2009-08-17,10.63
2009-08-18,11.19
2009-08-19,11.21
2009-08-20,12.02
2009-08-21,12.11
2009-08-24,11.68
2009-08-25,11.82
2009-08-26,11.77
2009-08-27,11.97
2009-08-28,12.01
2009-08-31,11.84
2009-09-01,10.72
2009-09-02,10.76
2009-09-03,11
2009-09-04,11.38
2009-09-08,11.12
2009-09-09,11.45
2009-09-10,11.37
2009-09-11,11.8
2009-09-14,11.98
2009-09-15,12.3
2009-09-16,13.05
2009-09-17,12.53
2009-09-18,12.48
2009-09-21,12.04
2009-09-22,12.43
2009-09-23,12.19
2009-09-24,11.68
2009-09-25,11.43
2009-09-28,12.04
2009-09-29,11.77
2009-09-30,11.74
2009-10-01,10.94
2009-10-02,10.76
2009-10-05,11.29
2009-10-06,11.53
2009-10-07,11.35
2009-10-08,11.93
2009-10-09,12.23
2009-10-12,12.15
2009-10-13,11.97
2009-10-14,12.54
2009-10-15,12.73
2009-10-16,12.4
2009-10-19,13
2009-10-20,12.97
2009-10-21,13.26
2009-10-22,13.62
2009-10-23,13
2009-10-26,12.69
2009-10-27,12.25
2009-10-28,11.46
2009-10-29,11.3
2009-10-30,10.35
2009-11-02,10.56
2009-11-03,10.78
2009-11-04,10.33
2009-11-05,10.7
2009-11-06,10.73
2009-11-09,11.14
2009-11-10,10.9
2009-11-11,11
2009-11-12,10.61
2009-11-13,11.06
2009-11-16,11.56
2009-11-17,11.61
2009-11-18,11.57
2009-11-19,11.21
2009-11-20,11.13
2009-11-23,11.21
2009-11-24,11.25
2009-11-25,11.25
2009-11-27,10.82
2009-11-30,11.43
2009-12-01,11.59
2009-12-02,12.27
2009-12-03,12.01
2009-12-04,12.39
2009-12-07,12.13
2009-12-08,12.02
2009-12-09,11.9
2009-12-10,12.05
2009-12-11,12.19
2009-12-14,12.69
2009-12-15,12.63
2009-12-16,12.92
2009-12-17,12.68
2009-12-18,13.05
2009-12-21,13.18
2009-12-22,13.51
2009-12-23,13.81
2009-12-24,13.9
2009-12-28,13.71
2009-12-29,13.8
2009-12-30,14.04
2009-12-31,13.57
2010-01-04,13.82
2010-01-05,14.15
2010-01-06,14.03
2010-01-07,14.17
2010-01-08,14.2
2010-01-11,14.06
2010-01-12,13.58
2010-01-13,13.95
2010-01-14,13.48
2010-01-15,13.38
2010-01-19,13.3
2010-01-20,13.58
2010-01-21,13.04
2010-01-22,12.47
2010-01-25,12.68
2010-01-26,12.63
2010-01-27,12.8
2010-01-28,12.53
2010-01-29,12.3
2010-02-01,12.77
2010-02-02,13.49
2010-02-03,13.69
2010-02-04,12.68
2010-02-05,12.34
2010-02-08,12.16
2010-02-09,12.28
2010-02-10,12.25
2010-02-11,12.73
2010-02-12,12.64
2010-02-16,13.22
2010-02-17,12.94
2010-02-18,13.27
2010-02-19,13.42
2010-02-22,13.32
2010-02-23,12.89
2010-02-24,13.11
2010-02-25,13.15
2010-02-26,13.2
2010-03-01,13.6
2010-03-02,13.65
2010-03-03,13.57
2010-03-04,13.58
2010-03-05,14.05
2010-03-08,14.12
2010-03-09,14.15
2010-03-10,13.95
2010-03-11,13.83
2010-03-12,14.04
2010-03-15,13.9
2010-03-16,14.42
2010-03-17,14.93
2010-03-18,14.99
2010-03-19,14.73
2010-03-22,14.51
2010-03-23,14.5
2010-03-24,14.18
2010-03-25,14.45
2010-03-26,14.95
2010-03-29,15.98
2010-03-30,15.71
2010-03-31,15.85
2010-04-01,16.58
2010-04-05,16.48
2010-04-06,16.530001
2010-04-07,16.23
2010-04-08,16.639999
2010-04-09,16.959999
2010-04-12,16.790001
2010-04-13,16.82
2010-04-14,17.35
2010-04-15,17.200001
2010-04-16,16.49
2010-04-19,16.540001
2010-04-20,16.870001
2010-04-21,17.110001
2010-04-22,17.34
2010-04-23,17.66
2010-04-26,17.49
2010-04-27,16.6
2010-04-28,17.24
2010-04-29,17.58
2010-04-30,17.32
2010-05-03,17.68
2010-05-04,17.17
2010-05-05,16.85
2010-05-06,15.85
2010-05-07,15.2
2010-05-10,16.799999
2010-05-11,16.540001
2010-05-12,16.950001
2010-05-13,16.65
2010-05-14,15.98
2010-05-17,15.82
2010-05-18,15.19
2010-05-19,15.11
2010-05-20,14.1
2010-05-21,15.02
2010-05-24,14.81
2010-05-25,15.09
2010-05-26,15.04
2010-05-27,16.35
2010-05-28,15.83
2010-06-01,15.11
2010-06-02,15.77
2010-06-03,16
2010-06-04,14.88
2010-06-07,14.05
2010-06-08,13.95
2010-06-09,14.12
2010-06-10,14.73
2010-06-11,14.89
2010-06-14,15.18
2010-06-15,15.74
2010-06-16,15.93
2010-06-17,15.9
2010-06-18,15.56
2010-06-21,15.39
2010-06-22,14.93
2010-06-23,15.05
2010-06-24,14.56
2010-06-25,14.95
2010-06-28,14.7
2010-06-29,13.95
2010-06-30,13.61
2010-07-01,13.55
2010-07-02,13.28
2010-07-06,13.01
2010-07-07,13.7
2010-07-08,13.75
2010-07-09,13.9
2010-07-12,13.93
2010-07-13,14.02
2010-07-14,13.93
2010-07-15,14.15
2010-07-16,13.7
2010-07-19,13.8
2010-07-20,14.09
2010-07-21,13.92
2010-07-22,14.68
2010-07-23,15.19
2010-07-26,15.57
2010-07-27,15.41
2010-07-28,16.58
2010-07-29,16.48
2010-07-30,17
2010-08-02,17.379999
2010-08-03,16.969999
2010-08-04,17.17
2010-08-05,16.940001
2010-08-06,16.969999
2010-08-09,17.190001
2010-08-10,17.280001
2010-08-11,16.549999
2010-08-12,16.200001
2010-08-13,16.15
2010-08-16,16.15
2010-08-17,16.690001
2010-08-18,16.860001
2010-08-19,16.42
2010-08-20,16.34
2010-08-23,16.24
2010-08-24,15.96
2010-08-25,16.280001
2010-08-26,15.96
2010-08-27,16.49
2010-08-30,15.93
2010-08-31,16.42
2010-09-01,17.040001
2010-09-02,17.73
2010-09-03,17.950001
2010-09-07,17.969999
2010-09-08,18.299999
2010-09-09,18.08
2010-09-10,18.25
2010-09-13,18.370001
2010-09-14,18.1
2010-09-15,18.51
2010-09-16,18.09
2010-09-17,18.26
2010-09-20,18.75
2010-09-21,18.52
2010-09-22,18.16
2010-09-23,17.74
2010-09-24,18.809999
2010-09-27,18.52
2010-09-28,18.870001
2010-09-29,18.43
2010-09-30,18.280001
2010-10-01,18.129999
2010-10-04,17.690001
2010-10-05,18.030001
2010-10-06,18.59
2010-10-07,18.639999
2010-10-08,18.85
2010-10-11,18.74
2010-10-12,19.209999
2010-10-13,19.92
2010-10-14,19.530001
2010-10-15,18.950001
2010-10-18,19.059999
2010-10-19,18.33
2010-10-20,18.84
2010-10-21,18.559999
2010-10-22,18.879999
2010-10-25,18.860001
2010-10-26,18.9
2010-10-27,18.34
2010-10-28,18.32
2010-10-29,18.35
2010-11-01,18.6
2010-11-02,18.639999
2010-11-03,18.879999
2010-11-04,19.690001
2010-11-05,19.85
2010-11-08,19.9
2010-11-09,19.5
2010-11-10,20.190001
2010-11-11,20.16
2010-11-12,19.799999
2010-11-15,19.92
2010-11-16,19.040001
2010-11-17,18.91
2010-11-18,18.969999
2010-11-19,18.549999
2010-11-22,18.780001
2010-11-23,18.52
2010-11-24,18.950001
2010-11-26,19.08
2010-11-29,18.959999
2010-11-30,19.190001
2010-12-01,19.08
2010-12-02,19.379999
2010-12-03,19.92
2010-12-06,19.98
2010-12-07,20.049999
2010-12-08,19.82
2010-12-09,19.700001
2010-12-10,20.200001
2010-12-13,20.17
2010-12-14,20.4
2010-12-15,20.24
2010-12-16,20.450001
2010-12-17,20.5
2010-12-20,20.889999
2010-12-21,21.309999
2010-12-22,21.280001
2010-12-23,20.940001
2010-12-27,21.01
2010-12-28,20.700001
2010-12-29,20.74
2010-12-30,20.780001
2010-12-31,20.48
2011-01-03,21.01
2011-01-04,20.43
2011-01-05,20.620001
2011-01-06,20.74
2011-01-07,20.700001
2011-01-10,20.58
2011-01-11,20.860001
2011-01-12,21.16
2011-01-13,21.309999
2011-01-14,21.969999
2011-01-18,22.440001
2011-01-19,22.01
2011-01-20,22.07
2011-01-21,22.59
2011-01-24,21.93
2011-01-25,21.75
2011-01-26,21.799999
2011-01-27,22.09
2011-01-28,21.879999
2011-01-31,22.190001
2011-02-01,22.91
2011-02-02,24.040001
2011-02-03,23.780001
2011-02-04,23.950001
2011-02-07,23.74
2011-02-08,23.92
2011-02-09,23.879999
2011-02-10,24.02
2011-02-11,24.530001
2011-02-14,24.629999
2011-02-15,25.34
2011-02-16,25.540001
2011-02-17,25.27
2011-02-18,25.459999
2011-02-22,24.59
2011-02-23,24.360001
2011-02-24,24.209999
2011-02-25,24.889999
2011-02-28,25.040001
2011-03-01,24.59
2011-03-02,24.6
2011-03-03,25.450001
2011-03-04,25.07
2011-03-07,24.709999
2011-03-08,25.530001
2011-03-09,26.58
2011-03-10,25.799999
2011-03-11,27.299999
2011-03-14,27.190001
2011-03-15,25.950001
2011-03-16,25.459999
2011-03-17,26.15
2011-03-18,26.65
2011-03-21,27.370001
2011-03-22,27.32
2011-03-23,26.959999
2011-03-24,27.83
2011-03-25,27.190001
2011-03-28,26.940001
2011-03-29,27.610001
2011-03-30,27.02
2011-03-31,26.700001
2011-04-01,27.66
2011-04-04,27.75
2011-04-05,28.15
2011-04-06,27.68
2011-04-07,27.530001
2011-04-08,27.469999
2011-04-11,27.43
2011-04-12,27.469999
2011-04-13,27.809999
2011-04-14,28.26
2011-04-15,28.91
2011-04-18,28.639999
2011-04-19,29.01
2011-04-20,29.66
2011-04-21,29.700001
2011-04-25,28.57
2011-04-26,28.549999
2011-04-27,26.75
2011-04-28,26.51
2011-04-29,26.709999
2011-05-02,27.030001
2011-05-03,26.459999
2011-05-04,26.299999
2011-05-05,26.530001
2011-05-06,26.73
2011-05-09,27.24
2011-05-10,27.809999
2011-05-11,26.5
2011-05-12,26.370001
2011-05-13,25.940001
2011-05-16,26.129999
2011-05-17,26.02
2011-05-18,27.02
2011-05-19,27.059999
2011-05-20,26.719999
2011-05-23,25.99
2011-05-24,25.92
2011-05-25,26.51
2011-05-26,26.93
2011-05-27,26.51
2011-05-31,26.43
2011-06-01,25.459999
2011-06-02,26.24
2011-06-03,25.59
2011-06-06,24.790001
2011-06-07,25.379999
2011-06-08,24.889999
2011-06-09,25.190001
2011-06-10,24.299999
2011-06-13,23.6
2011-06-14,24.280001
2011-06-15,22.940001
2011-06-16,22.91
2011-06-17,23.98
2011-06-20,23.860001
2011-06-21,24.780001
2011-06-22,24.08
2011-06-23,24.299999
2011-06-24,23.290001
2011-06-27,23.950001
2011-06-28,24.83
2011-06-29,25.18
2011-06-30,25.110001
2011-07-01,25.389999
2011-07-05,25.389999
2011-07-06,25.459999
2011-07-07,26.059999
2011-07-08,25.280001
2011-07-11,23.9
2011-07-12,23.48
2011-07-13,23.49
2011-07-14,22.799999
2011-07-15,23.290001
2011-07-18,23.07
2011-07-19,23.52
2011-07-20,23.26
2011-07-21,23.639999
2011-07-22,23.77
2011-07-25,23.68
2011-07-26,23.51
2011-07-27,22.92
2011-07-28,21.049999
2011-07-29,21.799999
2011-08-01,21.950001
2011-08-02,20.809999
2011-08-03,20.49
2011-08-04,18.9
2011-08-05,18.27
2011-08-08,16.51
2011-08-09,17.469999
2011-08-10,16.67
2011-08-11,16.959999
2011-08-12,16.620001
2011-08-15,16.969999
2011-08-16,16.15
2011-08-17,16.07
2011-08-18,14.6
2011-08-19,13.72
2011-08-22,13.77
2011-08-23,14.68
2011-08-24,15.15
2011-08-25,13.76
2011-08-26,14.17
2011-08-29,14.88
2011-08-30,14.65
2011-08-31,15.16
2011-09-01,14.91
2011-09-02,14.35
2011-09-06,13.96
2011-09-07,15.3
2011-09-08,14.68
2011-09-09,14.05
2011-09-12,14.12
2011-09-13,14.23
2011-09-14,14.82
2011-09-15,15.27
2011-09-16,15.14
2011-09-19,14.35
2011-09-20,14.04
2011-09-21,13.22
2011-09-22,12.78
2011-09-23,13.37
2011-09-26,13.82
2011-09-27,13.94
2011-09-28,13.93
2011-09-29,14.41
2011-09-30,13.46
2011-10-03,13.09
2011-10-04,13.51
2011-10-05,13.84
2011-10-06,14.39
2011-10-07,13.51
2011-10-10,14.15
2011-10-11,13.95
2011-10-12,15.17
2011-10-13,15
2011-10-14,15.22
2011-10-17,14.33
2011-10-18,15.32
2011-10-19,14.4
2011-10-20,14.59
2011-10-21,15.29
2011-10-24,16.74
2011-10-25,16.09
2011-10-26,15.94
2011-10-27,17.120001
2011-10-28,18.98
2011-10-31,17.780001
2011-11-01,17.049999
2011-11-02,17.459999
2011-11-03,17.4
2011-11-04,16.67
2011-11-07,16.83
2011-11-08,16.93
2011-11-09,15.84
2011-11-10,15.94
2011-11-11,16.32
2011-11-14,15.84
2011-11-15,16.190001
2011-11-16,15.74
2011-11-17,15.26
2011-11-18,15.11
2011-11-21,14.71
2011-11-22,14.8
2011-11-23,14.48
2011-11-25,14.62
2011-11-28,15.34
2011-11-29,15.13
2011-11-30,16.809999
2011-12-01,16.5
2011-12-02,16.51
2011-12-05,17.09
2011-12-06,16.58
2011-12-07,16.040001
2011-12-08,15.06
2011-12-09,15.48
2011-12-12,15.22
2011-12-13,14.76
2011-12-14,14.54
2011-12-15,15.1
2011-12-16,15.04
2011-12-19,14.33
2011-12-20,15.14
2011-12-21,15.42
2011-12-22,15.41
2011-12-23,15.39
2011-12-27,15.3
2011-12-28,14.75
2011-12-29,15.16
2011-12-30,15.22
2012-01-03,16.030001
2012-01-04,16.049999
2012-01-05,16.219999
2012-01-06,15.96
2012-01-09,15.92
2012-01-10,16.57
2012-01-11,17.549999
2012-01-12,17.43
2012-01-13,17.02
2012-01-17,16.860001
2012-01-18,17.049999
2012-01-19,17.610001
2012-01-20,17.860001
2012-01-23,18
2012-01-24,17.879999
2012-01-25,18.15
2012-01-26,19.01
2012-01-27,19.07
2012-01-30,18.26
2012-01-31,19.299999
2012-02-01,19
2012-02-02,18.93
2012-02-03,19.610001
2012-02-06,19.6
2012-02-07,19.26
2012-02-08,18.1
2012-02-09,18.33
2012-02-10,17.870001
2012-02-13,18.110001
2012-02-14,18.299999
2012-02-15,18.66
2012-02-16,19.08
2012-02-17,19.07
2012-02-21,18.780001
2012-02-22,18.450001
2012-02-23,18.57
2012-02-24,18.51
2012-02-27,18.5
2012-02-28,18.15
2012-02-29,18.33
2012-03-01,18.709999
2012-03-02,18.67
2012-03-05,18.639999
2012-03-06,17.93
2012-03-07,17.700001
2012-03-08,18.49
2012-03-09,19.190001
2012-03-12,19.18
2012-03-13,20.58
2012-03-14,20.459999
2012-03-15,20.68
2012-03-16,20.83
2012-03-19,20.860001
2012-03-20,20.77
2012-03-21,20.75
2012-03-22,20.4
2012-03-23,20.48
2012-03-26,20.57
2012-03-27,20.42
2012-03-28,19.99
2012-03-29,19.790001
2012-03-30,19.959999
2012-04-02,20.17
2012-04-03,19.5
2012-04-04,19.030001
2012-04-05,18.6
2012-04-09,18.200001
2012-04-10,17.719999
2012-04-11,18.27
2012-04-12,18.860001
2012-04-13,18.209999
2012-04-16,18.360001
2012-04-17,18.84
2012-04-18,18.34
2012-04-19,18.459999
2012-04-20,18.370001
2012-04-23,18.23
2012-04-24,18.389999
2012-04-25,18.67
2012-04-26,19.07
2012-04-27,19.129999
2012-04-30,18.809999
2012-05-01,19.360001
2012-05-02,19.18
2012-05-03,18.610001
2012-05-04,17.93
2012-05-07,17.67
2012-05-08,17.549999
2012-05-09,17.33
2012-05-10,17.24
2012-05-11,17.27
2012-05-14,17.01
2012-05-15,16.68
2012-05-16,16.190001
2012-05-17,15.76
2012-05-18,15.84
2012-05-21,16.42
2012-05-22,16.450001
2012-05-23,16.65
2012-05-24,16.389999
2012-05-25,16.379999
2012-05-29,17.01
2012-05-30,16.25
2012-05-31,16.450001
2012-06-01,15.59
2012-06-04,15.27
2012-06-05,15.5
2012-06-06,16.110001
2012-06-07,16.139999
2012-06-08,16.24
2012-06-11,15.73
2012-06-12,16.09
2012-06-13,15.83
2012-06-14,15.88
2012-06-15,16.41
2012-06-18,16.389999
2012-06-19,16.809999
2012-06-20,16.84
2012-06-21,16.02
2012-06-22,15.87
2012-06-25,15.37
2012-06-26,15.4
2012-06-27,15.58
2012-06-28,15.75
2012-06-29,16.360001
2012-07-02,16.16
2012-07-03,16.370001
2012-07-05,16.08
2012-07-06,15.85
2012-07-09,15.7
2012-07-10,15.4
2012-07-11,15.55
2012-07-12,15.41
2012-07-13,15.78
2012-07-16,15.67
2012-07-17,16.01
2012-07-18,15.99
2012-07-19,16.32
2012-07-20,16.139999
2012-07-23,15.78
2012-07-24,15.31
2012-07-25,15.1
2012-07-26,15.37
2012-07-27,16.33
2012-07-30,16.24
2012-07-31,15.58
2012-08-01,16.67
2012-08-02,16.559999
2012-08-03,17.08
2012-08-06,17.73
2012-08-07,18.07
2012-08-08,17.799999
2012-08-09,17.799999
2012-08-10,17.77
2012-08-13,17.6
2012-08-14,17.52
2012-08-15,17.559999
2012-08-16,17.9
2012-08-17,18.040001
2012-08-20,18.059999
2012-08-21,18.139999
2012-08-22,17.889999
2012-08-23,17.65
2012-08-24,17.58
2012-08-27,17.440001
2012-08-28,17.41
2012-08-29,17.41
2012-08-30,17.200001
2012-08-31,17.309999
2012-09-04,17.219999
2012-09-05,17.01
2012-09-06,17.48
2012-09-07,17.700001
2012-09-10,17.280001
2012-09-11,17.65
2012-09-12,18.35
2012-09-13,19.6
2012-09-14,20.360001
2012-09-17,19.799999
2012-09-18,19.290001
2012-09-19,19.5
2012-09-20,19.4
2012-09-21,19.360001
2012-09-24,19.25
2012-09-25,18.540001
2012-09-26,18.549999
2012-09-27,18.620001
2012-09-28,18.41
2012-10-01,18.65
2012-10-02,18.98
2012-10-03,19.27
2012-10-04,19.219999
2012-10-05,19.610001
2012-10-08,19.440001
2012-10-09,18.93
2012-10-10,18.450001
2012-10-11,19.049999
2012-10-12,18.82
2012-10-15,18.91
2012-10-16,18.950001
2012-10-17,19.309999
2012-10-18,19.58
2012-10-19,19.110001
2012-10-22,19.42
2012-10-23,18.879999
2012-10-24,18.49
2012-10-25,18.24
2012-10-26,18.25
2012-10-31,18.02
2012-11-01,17.629999
2012-11-02,17.549999
2012-11-05,17.719999
2012-11-06,18.139999
2012-11-07,17.530001
2012-11-08,17.469999
2012-11-09,17.5
2012-11-12,17.469999
2012-11-13,17.65
2012-11-14,17.35
2012-11-15,17.34
2012-11-16,17.5
2012-11-19,17.790001
2012-11-20,17.639999
2012-11-21,17.690001
2012-11-23,17.870001
2012-11-26,18.16
2012-11-27,17.91
2012-11-28,18.25
2012-11-29,18.629999
2012-11-30,18.93
2012-12-03,18.76
2012-12-04,18.57
2012-12-05,18.75
2012-12-06,18.73
2012-12-07,18.99
2012-12-10,19.34
2012-12-11,19.559999
2012-12-12,19.690001
2012-12-13,19.1
2012-12-14,19.200001
2012-12-17,19.780001
2012-12-18,20.41
2012-12-19,19.959999
2012-12-20,20
2012-12-21,19.639999
2012-12-24,19.6
2012-12-26,19.66
2012-12-27,19.59
2012-12-28,19.389999
2012-12-31,19.9
2013-01-02,20.360001
2013-01-03,20.16
2013-01-04,20.719999
2013-01-07,20.799999
2013-01-08,20.780001
2013-01-09,20.57
2013-01-10,20.549999
2013-01-11,20.51
2013-01-14,20.65
2013-01-15,20.84
2013-01-16,20.559999
2013-01-17,20.629999
2013-01-18,20.549999
2013-01-22,20.549999
2013-01-23,20.889999
2013-01-24,21.190001
2013-01-25,21.84
2013-01-28,21.889999
2013-01-29,21.780001
2013-01-30,21.459999
2013-01-31,21.58
2013-02-01,21.870001
2013-02-04,21.690001
2013-02-05,21.91
2013-02-06,21.85
2013-02-07,23.809999
2013-02-08,24.190001
2013-02-11,24.129999
2013-02-12,24.26
2013-02-13,24.5
2013-02-14,24.700001
2013-02-15,24.280001
2013-02-19,24.5
2013-02-20,23.84
2013-02-21,23.57
2013-02-22,23.91
2013-02-25,23.24
2013-02-26,23.42
2013-02-27,23.889999
2013-02-28,24.17
2013-03-01,24.360001
2013-03-04,24.58
2013-03-05,24.74
2013-03-06,24.48
2013-03-07,24.530001
2013-03-08,24.639999
2013-03-11,25.219999
2013-03-12,25.309999
2013-03-13,25.360001
2013-03-14,25.200001
2013-03-15,24.93
2013-03-18,25.18
2013-03-19,24.459999
2013-03-20,24.83
2013-03-21,24.51
2013-03-22,24.709999
2013-03-25,24.68
2013-03-26,25.02
2013-03-27,25.110001
2013-03-28,25.25
2013-04-01,24.440001
2013-04-02,24.4
2013-04-03,23.93
2013-04-04,24.280001
2013-04-05,24.219999
2013-04-08,24.93
2013-04-09,25.01
2013-04-10,25.51
2013-04-11,25.5
2013-04-12,25.290001
2013-04-15,24.120001
2013-04-16,24.309999
2013-04-17,23.700001
2013-04-18,23.5
2013-04-19,23.83
2013-04-22,23.709999
2013-04-23,24.17
2013-04-24,24.610001
2013-04-25,24.75
2013-04-26,24.18
2013-04-29,24.35
2013-04-30,24.219999
2013-05-01,24.040001
2013-05-02,24.02
2013-05-03,24.15
2013-05-06,24.219999
2013-05-07,24.440001
2013-05-08,24.57
2013-05-09,24.309999
2013-05-10,24.1
2013-05-13,24.030001
2013-05-14,24.51
2013-05-15,25.18
2013-05-16,24.719999
2013-05-17,24.780001
2013-05-20,24.610001
2013-05-21,25.08
2013-05-22,24.23
2013-05-23,23.889999
2013-05-24,23.389999
2013-05-28,23.74
2013-05-29,23.389999
2013-05-30,23.41
2013-05-31,23.18
2013-06-03,23.209999
2013-06-04,23.049999
2013-06-05,22.51
2013-06-06,23.17
2013-06-07,23.440001
2013-06-10,23.200001
2013-06-11,22.9
2013-06-12,22.559999
2013-06-13,22.92
2013-06-14,22.67
2013-06-17,22.809999
2013-06-18,23.049999
2013-06-19,22.280001
2013-06-20,21.610001
2013-06-21,21.5
2013-06-24,21.450001
2013-06-25,21.99
2013-06-26,22.58
2013-06-27,23.219999
2013-06-28,23.360001
2013-07-01,23.299999
2013-07-02,23.200001
2013-07-03,23.34
2013-07-05,23.43
2013-07-08,23.290001
2013-07-09,23.51
2013-07-10,23.43
2013-07-11,23.950001
2013-07-12,24.07
2013-07-15,24.040001
2013-07-16,23.879999
2013-07-17,24.040001
2013-07-18,24.129999
2013-07-19,24.299999
2013-07-22,24.200001
2013-07-23,24.370001
2013-07-24,24.360001
2013-07-25,24.48
2013-07-26,24.09
2013-07-29,23.75
2013-07-30,23.799999
2013-07-31,23.17
2013-08-01,23.23
2013-08-02,23.200001
2013-08-05,23.129999
2013-08-06,23.049999
2013-08-07,22.91
2013-08-08,23.17
2013-08-09,23.309999
2013-08-12,23.299999
2013-08-13,22.940001
2013-08-14,22.85
2013-08-15,22.040001
2013-08-16,21.6
2013-08-19,21.27
2013-08-20,21.99
2013-08-21,21.719999
2013-08-22,21.719999
2013-08-23,21.91
2013-08-26,21.76
2013-08-27,21.52
2013-08-28,21.82
2013-08-29,21.690001
2013-08-30,21.870001
2013-09-03,21.98
2013-09-04,22.17
2013-09-05,22
2013-09-06,22.370001
2013-09-09,23.24
2013-09-10,23.52
2013-09-11,23.92
2013-09-12,23.540001
2013-09-13,23.4
2013-09-16,23.57
2013-09-17,23.66
2013-09-18,24.24
2013-09-19,23.99
2013-09-20,23.809999
2013-09-23,23.59
2013-09-24,23.299999
2013-09-25,23.4
2013-09-26,23.42
2013-09-27,23.34
2013-09-30,23.129999
2013-10-01,23.610001
2013-10-02,23.24
2013-10-03,22.75
2013-10-04,22.549999
2013-10-07,22.5
2013-10-08,22.110001
2013-10-09,22.27
2013-10-10,22.82
2013-10-11,22.780001
2013-10-14,22.67
2013-10-15,22.42
2013-10-16,22.790001
2013-10-17,23.18
2013-10-18,22.870001
2013-10-21,23.059999
2013-10-22,23.52
2013-10-23,23.35
2013-10-24,23.530001
2013-10-25,23.719999
2013-10-28,23.41
2013-10-29,24.4
2013-10-30,23.48
2013-10-31,23.23
2013-11-01,23.030001
2013-11-04,23.040001
2013-11-05,22.870001
2013-11-06,22.440001
2013-11-07,22.280001
2013-11-08,22.32
2013-11-11,22.43
2013-11-12,22.030001
2013-11-13,22.6
2013-11-14,22.879999
2013-11-15,22.969999
2013-11-18,22.950001
2013-11-19,22.76
2013-11-20,22.440001
2013-11-21,22.780001
2013-11-22,23.4
2013-11-25,23.68
2013-11-26,24.16
2013-11-27,24.440001
2013-11-29,24.24
2013-12-02,24.4
2013-12-03,24.41
2013-12-04,24.66
2013-12-05,24.76
2013-12-06,25.1
2013-12-09,25.41
2013-12-10,25.309999
2013-12-11,24.860001
2013-12-12,24.719999
2013-12-13,24.77
2013-12-16,24.959999
2013-12-17,24.969999
2013-12-18,25.75
2013-12-19,25.559999
2013-12-20,25.799999
2013-12-23,25.969999
2013-12-24,26.200001
2013-12-26,26.26
2013-12-27,26.24
2013-12-30,26.309999
2013-12-31,26.299999
2014-01-02,26.34
2014-01-03,26.4
2014-01-06,26.25
2014-01-07,26.190001
2014-01-08,26.190001
2014-01-09,26.15
2014-01-10,26.379999
2014-01-13,26.200001
2014-01-14,26.440001
2014-01-15,26.549999
2014-01-16,26.559999
2014-01-17,26.5
2014-01-21,26.370001
2014-01-22,26.549999
2014-01-23,26.280001
2014-01-24,25.469999
2014-01-27,25.860001
2014-01-28,26.65
2014-01-29,26.9
2014-01-30,26.719999
2014-01-31,26.540001
2014-02-03,26.209999
2014-02-04,26.780001
2014-02-05,26.719999
2014-02-06,25.85
2014-02-07,26.32
2014-02-10,26.32
2014-02-11,26.559999
2014-02-12,26.68
2014-02-13,26.82
2014-02-14,27.01
2014-02-18,27.24
2014-02-19,27.24
2014-02-20,27.35
2014-02-21,27.440001
2014-02-24,27.450001
2014-02-25,27.860001
2014-02-26,27.629999
2014-02-27,27.82
2014-02-28,27.950001
2014-03-03,27.620001
2014-03-04,27.99
2014-03-05,27.639999
2014-03-06,28.059999
2014-03-07,28.09
2014-03-10,28.01
2014-03-11,27.809999
2014-03-12,27.450001
2014-03-13,27.24
2014-03-14,27.23
2014-03-17,27.190001
2014-03-18,28.290001
2014-03-19,27.58
2014-03-20,27.77
2014-03-21,28
2014-03-24,27.299999
2014-03-25,27.33
2014-03-26,26.52
2014-03-27,26.33
2014-03-28,26.85
2014-03-31,27.43
2014-04-01,27.65
2014-04-02,27.98
2014-04-03,27.65
2014-04-04,27.440001
2014-04-07,26.73
2014-04-08,26.98
2014-04-09,27.23
2014-04-10,26.700001
2014-04-11,26.27
2014-04-14,26.74
2014-04-15,26.690001
2014-04-16,26.870001
2014-04-17,26.959999
2014-04-21,26.66
2014-04-22,26.700001
2014-04-23,26.68
2014-04-24,26.629999
2014-04-25,26.08
2014-04-28,25.959999
2014-04-29,26.389999
2014-04-30,26.639999
2014-05-01,28.99
2014-05-02,28.5
2014-05-05,28.709999
2014-05-06,28.450001
2014-05-07,28.58
2014-05-08,28.309999
2014-05-09,28.299999
2014-05-12,28.700001
2014-05-13,28.59
2014-05-14,28.870001
2014-05-15,28.860001
2014-05-16,28.98
2014-05-19,29.35
2014-05-20,29
2014-05-21,29.07
2014-05-22,29.02
2014-05-23,29.15
2014-05-27,29.799999
2014-05-28,29.66
2014-05-29,29.610001
2014-05-30,29.84
2014-06-02,30.139999
2014-06-03,30.139999
2014-06-04,30.58
2014-06-05,30.719999
2014-06-06,30.51
2014-06-09,30.4
2014-06-10,30.42
2014-06-11,30.26
2014-06-12,29.98
2014-06-13,30.540001
2014-06-16,30.459999
2014-06-17,30.49
2014-06-18,30.48
2014-06-19,30.610001
2014-06-20,31.040001
2014-06-23,31.469999
2014-06-24,31.49
2014-06-25,31.799999
2014-06-26,31.809999
2014-06-27,31.99
2014-06-30,32.040001
2014-07-01,32.049999
2014-07-02,32.310001
2014-07-03,32.330002
2014-07-07,31.93
2014-07-08,31.98
2014-07-09,32.509998
2014-07-10,32.630001
2014-07-11,32.549999
2014-07-14,32.91
2014-07-15,32.82
2014-07-16,32.900002
2014-07-17,32.740002
2014-07-18,33.099998
2014-07-21,33.049999
2014-07-22,33.490002
2014-07-23,33.41
2014-07-24,33.619999
2014-07-25,33.52
2014-07-28,32.98
2014-07-29,32.509998
2014-07-30,31.65
2014-07-31,30.84
2014-08-01,30.950001
2014-08-04,31
2014-08-05,30.59
2014-08-06,30.209999
2014-08-07,30.48
2014-08-08,30.5
2014-08-11,30.860001
2014-08-12,30.68
2014-08-13,31.08
2014-08-14,30.93
2014-08-15,30.879999
2014-08-18,31.43
2014-08-19,31.75
2014-08-20,31.9
2014-08-21,31.780001
2014-08-22,31.51
2014-08-25,31.5
2014-08-26,31.549999
2014-08-27,31.68
2014-08-28,31.41
2014-08-29,31.780001
2014-09-02,31.780001
2014-09-03,31.469999
2014-09-04,31.110001
2014-09-05,31.33
2014-09-08,31.139999
2014-09-09,30.82
2014-09-10,30.530001
2014-09-11,30.629999
2014-09-12,30.040001
2014-09-15,30.059999
2014-09-16,30.32
2014-09-17,30.17
2014-09-18,30.27
2014-09-19,30.370001
2014-09-22,30.17
2014-09-23,29.950001
2014-09-24,29.82
2014-09-25,29.719999
2014-09-26,29.98
2014-09-29,30.01
2014-09-30,29.74
2014-10-01,29.18
2014-10-02,29.02
2014-10-03,29.58
2014-10-06,29.459999
2014-10-07,28.83
2014-10-08,29.5
2014-10-09,29.1
2014-10-10,28.43
2014-10-13,27.74
2014-10-14,28.73
2014-10-15,28.379999
2014-10-16,28.610001
2014-10-17,28.98
2014-10-20,29.49
2014-10-21,29.99
2014-10-22,30.139999
2014-10-23,30.48
2014-10-24,30.57
2014-10-27,30.610001
2014-10-28,31.059999
2014-10-29,30.75
2014-10-30,31.469999
2014-10-31,32
2014-11-03,32.310001
2014-11-04,32.169998
2014-11-05,32.080002
2014-11-06,31.799999
2014-11-07,31.879999
2014-11-10,31.809999
2014-11-11,32.639999
2014-11-12,32.709999
2014-11-13,32.689999
2014-11-14,32.400002
2014-11-17,32.52
2014-11-18,33.139999
2014-11-19,32.919998
2014-11-20,32.950001
2014-11-21,33.490002
2014-11-24,33.799999
2014-11-25,33.509998
2014-11-26,33.540001
2014-11-28,33.740002
2014-12-01,33.310001
2014-12-02,33.34
2014-12-03,32.959999
2014-12-04,32.950001
2014-12-05,32.91
2014-12-08,33.09
2014-12-09,33.560001
2014-12-10,33.279999
2014-12-11,33.279999
2014-12-12,32.790001
2014-12-15,33.060001
2014-12-16,32.169998
2014-12-17,33.119999
2014-12-18,34.349998
2014-12-19,35.009998
2014-12-22,35.040001
2014-12-23,34.990002
2014-12-24,34.93
2014-12-26,34.970001
2014-12-29,35.060001
2014-12-30,34.93
2014-12-31,34.25
2015-01-02,34.669998
2015-01-05,33.919998
2015-01-06,33.66
2015-01-07,34.009998
2015-01-08,34.75
2015-01-09,34.650002
2015-01-12,34.5
2015-01-13,34.09
2015-01-14,33.759998
2015-01-15,33.240002
2015-01-16,33.09
2015-01-20,32.950001
2015-01-21,32.639999
2015-01-22,33.110001
2015-01-23,32.950001
2015-01-26,33.27
2015-01-27,33.23
2015-01-28,32.720001
2015-01-29,32.990002
2015-01-30,32.34
2015-02-02,32.57
2015-02-03,33.68
2015-02-04,33.740002
2015-02-05,34.779999
2015-02-06,33.919998
2015-02-09,34.029999
2015-02-10,34.599998
2015-02-11,34.720001
2015-02-12,35.130001
2015-02-13,34.959999
2015-02-17,34.77
2015-02-18,35
2015-02-19,34.560001
2015-02-20,34.759998
2015-02-23,34.889999
2015-02-24,34.669998
2015-02-25,34.779999
2015-02-26,34.459999
2015-02-27,34.259998
2015-03-02,34.810001
2015-03-03,34.48
2015-03-04,34.209999
2015-03-05,34.529999
2015-03-06,34.66
2015-03-09,34.869999
2015-03-10,34.119999
2015-03-11,34.139999
2015-03-12,34.990002
2015-03-13,34.540001
2015-03-16,35.009998
2015-03-17,34.93
2015-03-18,35.810001
2015-03-19,35.740002
2015-03-20,36.790001
2015-03-23,36.580002
2015-03-24,36.060001
2015-03-25,35.490002
2015-03-26,35.650002
2015-03-27,35.93
2015-03-30,36.41
2015-03-31,38.709999
2015-04-01,38.830002
2015-04-02,38.889999
2015-04-06,38.919998
2015-04-07,38.349998
2015-04-08,38.43
2015-04-09,38.650002
2015-04-10,38.509998
2015-04-13,38.580002
2015-04-14,38.32
2015-04-15,38.41
2015-04-16,38.880001
2015-04-17,38.419998
2015-04-20,38.540001
2015-04-21,38.330002
2015-04-22,38.330002
2015-04-23,38.23
2015-04-24,38.490002
2015-04-27,38.360001
2015-04-28,38.66
2015-04-29,38.59
2015-04-30,38.34
2015-05-01,38.509998
2015-05-04,38.580002
2015-05-05,37.279999
2015-05-06,36.869999
2015-05-07,37.009998
2015-05-08,37.549999
2015-05-11,38.330002
2015-05-12,37.57
2015-05-13,37.599998
2015-05-14,38.52
2015-05-15,38.57
2015-05-18,38.720001
2015-05-19,38.689999
2015-05-20,38.68
2015-05-21,38.25
2015-05-22,38.290001
2015-05-26,38.360001
2015-05-27,38.610001
2015-05-28,38.32
2015-05-29,38.240002
2015-06-01,38.48
2015-06-02,38.439999
2015-06-03,38.150002
2015-06-04,37.91
2015-06-05,37.419998
2015-06-08,36.849998
2015-06-09,36.599998
2015-06-10,37.099998
2015-06-11,37.32
2015-06-12,37.290001
2015-06-15,36.57
2015-06-16,36.529999
2015-06-17,36.700001
2015-06-18,37.720001
2015-06-19,37.119999
2015-06-22,37.110001
2015-06-23,37.389999
2015-06-24,37.290001
2015-06-25,37.209999
2015-06-26,37.490002
2015-06-29,36.509998
2015-06-30,37
2015-07-01,37.52
2015-07-02,37.68
2015-07-06,37.43
2015-07-07,38.049999
2015-07-08,37.310001
2015-07-09,37.200001
2015-07-10,37.599998
2015-07-13,37.799999
2015-07-14,38.02
2015-07-15,38.040001
2015-07-16,38.369999
2015-07-17,37.52
2015-07-20,38.02
2015-07-21,38.34
2015-07-22,38.470001
2015-07-23,38.560001
2015-07-24,37.689999
2015-07-27,37.369999
2015-07-28,37.75
2015-07-29,37.18
2015-07-30,37.59
2015-07-31,37.970001
2015-08-03,37.75
2015-08-04,37.630001
2015-08-05,38
2015-08-06,37.540001
2015-08-07,37.459999
2015-08-10,38.299999
2015-08-11,38.5
2015-08-12,37.540001
2015-08-13,38.02
2015-08-14,38.23
2015-08-17,37.91
2015-08-18,37.59
2015-08-19,37.310001
2015-08-20,36.279999
2015-08-21,34.919998
2015-08-24,32.470001
2015-08-25,31.57
2015-08-26,32.150002
2015-08-27,32.59
2015-08-28,32.529999
2015-08-31,32.02
2015-09-01,31.15
2015-09-02,32.330002
2015-09-03,32.779999
2015-09-04,31.790001
2015-09-08,32.619999
2015-09-09,32.299999
2015-09-10,32.52
2015-09-11,32.77
2015-09-14,32.290001
2015-09-15,32.970001
2015-09-16,33.299999
2015-09-17,33.369999
2015-09-18,33.23
2015-09-21,33.549999
2015-09-22,32.91
2015-09-23,33.299999
2015-09-24,32.740002
2015-09-25,32.560001
2015-09-28,30.93
2015-09-29,31.309999
2015-09-30,32
2015-10-01,31.83
2015-10-02,31.959999
2015-10-05,32.439999
2015-10-06,32.130001
2015-10-07,32.32
2015-10-08,33.16
2015-10-09,32.970001
2015-10-12,33.34
2015-10-13,33.389999
2015-10-14,33.41
2015-10-15,33.810001
2015-10-16,34.380001
2015-10-19,34.689999
2015-10-20,34.509998
2015-10-21,34.27
2015-10-22,35.279999
2015-10-23,34.919998
2015-10-26,34.5
2015-10-27,34.490002
2015-10-28,37.57
2015-10-29,38.360001
2015-10-30,37.279999
2015-11-02,37.560001
2015-11-03,37.130001
2015-11-04,36.75
2015-11-05,36.75
2015-11-06,36.16
2015-11-09,35.959999
2015-11-10,35.959999
2015-11-11,36.02
2015-11-12,35.099998
2015-11-13,34.68
2015-11-16,34.990002
2015-11-17,34.990002
2015-11-18,36.049999
2015-11-19,36.32
2015-11-20,36.860001
2015-11-23,36.84
2015-11-24,36.860001
2015-11-25,37.32
2015-11-27,37.34
2015-11-30,37.470001
2015-12-01,37.709999
2015-12-02,36.880001
2015-12-03,35.98
2015-12-04,36.669998
2015-12-07,36.380001
2015-12-08,36.09
2015-12-09,35.330002
2015-12-10,35.18
2015-12-11,34.57
2015-12-14,34.689999
2015-12-15,35.57
2015-12-16,36.279999
2015-12-17,35.380001
2015-12-18,33.950001
2015-12-21,33.919998
2015-12-22,34.299999
2015-12-23,34.869999
2015-12-24,34.740002
2015-12-28,34.73
2015-12-29,35.130001
2015-12-30,34.639999
2015-12-31,34.580002
2016-01-04,34.09
2016-01-05,34.389999
2016-01-06,32.91
2016-01-07,31.07
2016-01-08,30.719999
2016-01-11,30.09
2016-01-12,30.33
2016-01-13,29.09
2016-01-14,29.469999
2016-01-15,28.940001
2016-01-19,28.559999
2016-01-20,28.01
2016-01-21,28.35
2016-01-22,28.75
2016-01-25,27.299999
2016-01-26,28
2016-01-27,27.74
2016-01-28,27.1
2016-01-29,27.969999
2016-02-01,27.530001
2016-02-02,26.290001
2016-02-03,25.68
2016-02-04,26.360001
2016-02-05,24.870001
2016-02-08,23.360001
2016-02-09,23.32
2016-02-10,24.01
2016-02-11,23.530001
2016-02-12,24.34
2016-02-16,24.32
2016-02-17,25.84
2016-02-18,25.25
2016-02-19,25.059999
2016-02-22,25.790001
2016-02-23,25.799999
2016-02-24,25.27
2016-02-25,25.709999
2016-02-26,26.200001
2016-02-29,25.41
2016-03-01,26.700001
2016-03-02,26.43
2016-03-03,27.01
2016-03-04,27.889999
2016-03-07,27.950001
2016-03-08,26.719999
2016-03-09,26.780001
2016-03-10,26.540001
2016-03-11,27.719999
2016-03-14,27.889999
2016-03-15,26.940001
2016-03-16,27.25
2016-03-17,27.82
2016-03-18,28.620001
2016-03-21,28.860001
2016-03-22,29.51
2016-03-23,28.5
2016-03-24,28.040001
2016-03-28,28.139999
2016-03-29,28.58
2016-03-30,28.690001
2016-03-31,28.82
2016-04-01,29.110001
2016-04-04,29.24
2016-04-05,28.889999
2016-04-06,28.889999
2016-04-07,28.040001
2016-04-08,28.66
2016-04-11,28.389999
2016-04-12,29.02
2016-04-13,30.15
2016-04-14,30.370001
2016-04-15,30.41
2016-04-18,30.709999
2016-04-19,30.620001
2016-04-20,30.68
2016-04-21,30.129999
2016-04-22,30.52
2016-04-25,30.01
2016-04-26,30.379999
2016-04-27,30.6
2016-04-28,30.879999
2016-04-29,29.629999
2016-05-02,30.040001
2016-05-03,29.33
2016-05-04,29.41
2016-05-05,29.559999
2016-05-06,29.34
2016-05-09,29.030001
2016-05-10,29.34
2016-05-11,29.280001
2016-05-12,28.809999
2016-05-13,28.68
2016-05-16,28.43
2016-05-17,28.309999
2016-05-18,28.290001
2016-05-19,27.76
2016-05-20,28.799999
2016-05-23,28.610001
2016-05-24,29.18
2016-05-25,30
2016-05-26,29.389999
2016-05-27,29.559999
2016-05-31,29.85
2016-06-01,30.030001
2016-06-02,30.190001
2016-06-03,30.15
2016-06-06,30.65
2016-06-07,30.969999
2016-06-08,31.040001
2016-06-09,30.75
2016-06-10,29.799999
2016-06-13,29.4
2016-06-14,28.6
2016-06-15,28.690001
2016-06-16,28.35
2016-06-17,28.110001
2016-06-20,29.43
2016-06-21,29.1
2016-06-22,29.23
2016-06-23,30.01
2016-06-24,27.309999
2016-06-27,24.879999
2016-06-28,25.690001
2016-06-29,26.5
2016-06-30,26.48
2016-07-01,25.93
2016-07-05,24.540001
2016-07-06,24.75
2016-07-07,24.620001
2016-07-08,26.200001
2016-07-11,26.67
2016-07-12,27.530001
2016-07-13,27.5
2016-07-14,27.549999
2016-07-15,27.5
2016-07-18,28.110001
2016-07-19,27.68
2016-07-20,28.1
2016-07-21,28.549999
2016-07-22,28.99
2016-07-25,29.02
2016-07-26,29.08
2016-07-27,28.860001
2016-07-28,28.799999
2016-07-29,28.450001
2016-08-01,28.57
2016-08-02,28.32
2016-08-03,28.77
2016-08-04,28.700001
2016-08-05,29.610001
2016-08-08,29.68
2016-08-09,29.92
2016-08-10,29.940001
2016-08-11,29.870001
2016-08-12,29.639999
2016-08-15,29.67
2016-08-16,29.389999
2016-08-17,29.09
2016-08-18,28.93
2016-08-19,28.530001
2016-08-22,29.01
2016-08-23,29.469999
2016-08-24,29.42
2016-08-25,29.370001
2016-08-26,29.629999
2016-08-29,29.75
2016-08-30,30
2016-08-31,29.889999
2016-09-01,29.889999
2016-09-02,30.17
2016-09-06,29.77
2016-09-07,29.889999
2016-09-08,29.33
2016-09-09,27.870001
2016-09-12,28.530001
2016-09-13,28.030001
2016-09-14,27.66
2016-09-15,28.280001
2016-09-16,28.25
2016-09-19,28.700001
2016-09-20,28.59
2016-09-21,28.74
2016-09-22,29.309999
2016-09-23,29.139999
2016-09-26,28.27
2016-09-27,28.290001
2016-09-28,28.389999
2016-09-29,27.639999
2016-09-30,27.98
2016-10-03,27.860001
2016-10-04,27.620001
2016-10-05,27.559999
2016-10-06,27.83
2016-10-07,27.27
2016-10-10,27.469999
2016-10-11,27.02
2016-10-12,27.030001
2016-10-13,26.6
2016-10-14,26.52
2016-10-17,26.4
2016-10-18,26.65
2016-10-19,27.700001
2016-10-20,27.58
2016-10-21,27.83
2016-10-24,28.299999
2016-10-25,27.91
2016-10-26,27.809999
2016-10-27,26.59
2016-10-28,25.959999
2016-10-31,25.76
2016-11-01,25.870001
2016-11-02,25.67
2016-11-03,26.059999
2016-11-04,26.42
2016-11-07,27.18
2016-11-08,27.030001
2016-11-09,27.26
2016-11-10,27.690001
2016-11-11,27.639999
2016-11-14,28.530001
2016-11-15,28.629999
2016-11-16,27.809999
2016-11-17,28.33
2016-11-18,28.690001
2016-11-21,28.629999
2016-11-22,29.700001
2016-11-23,29.57
2016-11-25,29.41
2016-11-28,29.030001
2016-11-29,29.16
2016-11-30,29.040001
2016-12-01,29.440001
2016-12-02,30.120001
2016-12-05,30.610001
2016-12-06,31.75
2016-12-07,32.490002
2016-12-08,32.939999
2016-12-09,32.790001
2016-12-12,32.349998
2016-12-13,32.380001
2016-12-14,31.82
2016-12-15,31.76
2016-12-16,31.76
2016-12-19,31.799999
2016-12-20,32.07
2016-12-21,31.959999
2016-12-22,31.74
2016-12-23,31.610001
2016-12-27,31.76
2016-12-28,31.219999
2016-12-29,31.15
2016-12-30,31.49
2017-01-03,31.57
2017-01-04,32.080002
2017-01-05,31.809999
2017-01-06,31.200001
2017-01-09,31.129999
2017-01-10,30.959999
2017-01-11,31.290001
2017-01-12,30.92
2017-01-13,31.32
2017-01-17,30.610001
2017-01-18,30.51
2017-01-19,30.25
2017-01-20,30.25
2017-01-23,30.040001
2017-01-24,30.34
2017-01-25,30.879999
2017-01-26,31.01
2017-01-27,30.809999
2017-01-30,30.09
2017-01-31,30.360001
2017-02-01,30.49
2017-02-02,30.719999
2017-02-03,31.49
2017-02-06,31.02
2017-02-07,30.950001
2017-02-08,30.780001
2017-02-09,31.57
2017-02-10,34
2017-02-13,34.490002
2017-02-14,35.130001
2017-02-15,35.439999
2017-02-16,35.02
2017-02-17,35.68
2017-02-21,35.490002
2017-02-22,35.59
2017-02-23,35.700001
2017-02-24,35.27
2017-02-27,35.720001
2017-02-28,35.619999
2017-03-01,36.16
2017-03-02,36.380001
2017-03-03,36.43
2017-03-06,35.919998
2017-03-07,36.16
2017-03-08,36.299999
2017-03-09,36.009998
2017-03-10,36.400002
2017-03-13,35.950001
2017-03-14,35.470001
2017-03-15,35.959999
2017-03-16,36.209999
2017-03-17,36.029999
2017-03-20,35.549999
2017-03-21,35.16
2017-03-22,34.880001
2017-03-23,34.950001
2017-03-24,34.380001
2017-03-27,33.700001
2017-03-28,33.990002
2017-03-29,34.32
2017-03-30,34.740002
2017-03-31,34.790001
2017-04-03,33.709999
2017-04-04,32.799999
2017-04-05,32.48
2017-04-06,32.959999
2017-04-07,32.939999
2017-04-10,33.060001
2017-04-11,33.360001
2017-04-12,33.360001
2017-04-13,32.639999
2017-04-17,33.209999
2017-04-18,33.380001
2017-04-19,33.599998
2017-04-20,34.169998
2017-04-21,34.380001
2017-04-24,34.41
2017-04-25,34.299999
2017-04-26,34.549999
2017-04-27,36
2017-04-28,35.810001
2017-05-01,36.25
2017-05-02,35.950001
2017-05-03,35.720001
2017-05-04,35.849998
2017-05-05,36.77
2017-05-08,36.330002
2017-05-09,36.259998
2017-05-10,36.27
2017-05-11,34.919998
2017-05-12,34.700001
2017-05-15,34.580002
2017-05-16,34.349998
2017-05-17,33.419998
2017-05-18,33.130001
2017-05-19,33.68
2017-05-22,34.119999
2017-05-23,34.150002
2017-05-24,34.290001
2017-05-25,34.400002
2017-05-26,34.389999
2017-05-30,34.41
2017-05-31,34.880001
2017-06-01,35.560001
2017-06-02,35.470001
2017-06-05,35.139999
2017-06-06,34.41
2017-06-07,34.610001
2017-06-08,34.599998
2017-06-09,34.939999
2017-06-12,35.450001
2017-06-13,35.240002
2017-06-14,35.470001
2017-06-15,35.09
2017-06-16,35.049999
2017-06-19,35.759998
2017-06-20,35.549999
2017-06-21,35.139999
2017-06-22,35.299999
2017-06-23,35.349998
2017-06-26,36.48
2017-06-27,36.400002
2017-06-28,37.130001
2017-06-29,36.650002
2017-06-30,36.400002
2017-07-03,36.939999
2017-07-05,36.77
2017-07-06,36.16
2017-07-07,36.610001
2017-07-10,36.77
2017-07-11,36.650002
2017-07-12,36.889999
2017-07-13,36.939999
2017-07-14,37.16
2017-07-17,36.919998
2017-07-18,37.139999
2017-07-19,37.82
2017-07-20,37.889999
2017-07-21,37.900002
2017-07-24,38.290001
2017-07-25,38.419998
2017-07-26,38.34
2017-07-27,37.689999
2017-07-28,37.630001
2017-07-31,37.990002
2017-08-01,37.720001
2017-08-02,37.799999
2017-08-03,37.439999
2017-08-04,37.32
2017-08-07,37.48
2017-08-08,36.82
2017-08-09,36.880001
2017-08-10,35.650002
2017-08-11,35.77
2017-08-14,36.049999
2017-08-15,36.130001
2017-08-16,35.77
2017-08-17,34.91
2017-08-18,35.240002
2017-08-21,35.509998
2017-08-22,35.970001
2017-08-23,35.529999
2017-08-24,35.849998
2017-08-25,35.360001
2017-08-28,35.5
2017-08-29,35.150002
2017-08-30,35.459999
2017-08-31,36.080002
2017-09-01,36.34
2017-09-05,35.990002
2017-09-06,35.68
2017-09-07,36
2017-09-08,36.240002
2017-09-11,36.990002
2017-09-12,37.310001
2017-09-13,37.439999
2017-09-14,36.959999
2017-09-15,36.619999
2017-09-18,36.650002
2017-09-19,36.939999
2017-09-20,37.130001
2017-09-21,37.189999
2017-09-22,37.18
2017-09-25,37.400002
2017-09-26,37.720001
2017-09-27,37.900002
2017-09-28,37.869999
2017-09-29,37.880001
2017-10-02,38.220001
2017-10-03,38.330002
2017-10-04,38.630001
2017-10-05,38.75
2017-10-06,38.84
2017-10-09,38.810001
2017-10-10,39.060001
2017-10-11,39.23
2017-10-12,39.279999
2017-10-13,39.59
2017-10-16,39.52
2017-10-17,39.66
2017-10-18,39.959999
2017-10-19,40.009998
2017-10-20,40.240002
2017-10-23,39.599998
2017-10-24,39.52
2017-10-25,39
2017-10-26,39.59
2017-10-27,39.369999
2017-10-30,39.240002
2017-10-31,39.32
2017-11-01,39.25
2017-11-02,39.209999
2017-11-03,39.900002
2017-11-06,40.75
2017-11-07,40.880001
2017-11-08,41
2017-11-09,40.810001
2017-11-10,41.529999
2017-11-13,42.18
2017-11-14,42.18
2017-11-15,42.639999
2017-11-16,42.990002
2017-11-17,42.779999
2017-11-20,42.799999
2017-11-21,42.82
2017-11-22,42.490002
2017-11-24,42.830002
2017-11-27,42.470001
2017-11-28,42.75
2017-11-29,42.990002
2017-11-30,43.360001
2017-12-01,43.189999
2017-12-04,43.369999
2017-12-05,43.610001
2017-12-06,43.549999
2017-12-07,43.82
2017-12-08,43.619999
2017-12-11,43.349998
2017-12-12,43.330002
2017-12-13,43.200001
2017-12-14,42.580002
2017-12-15,43.25
2017-12-18,44.200001
2017-12-19,43.5
2017-12-20,43.27
2017-12-21,43.32
2017-12-22,43.369999
2017-12-26,43.560001
2017-12-27,43.759998
2017-12-28,43.950001
2017-12-29,43.310001
2018-01-02,43.82
2018-01-03,44.189999
2018-01-04,44.049999
2018-01-05,44.27
2018-01-08,44.84
2018-01-09,45.150002
2018-01-10,44.27
2018-01-11,45.119999
2018-01-12,44.889999
2018-01-16,44.650002
2018-01-17,44.990002
2018-01-18,45.189999
2018-01-19,45.880001
2018-01-22,45.73
2018-01-23,45.950001
2018-01-24,45.209999
2018-01-25,45.810001
2018-01-26,46.209999
2018-01-29,46.34
2018-01-30,45.66
2018-01-31,45.689999
2018-02-01,45.810001
2018-02-02,44.110001
2018-02-05,41.779999
2018-02-06,42.529999
2018-02-07,42.540001
2018-02-08,41.919998
2018-02-09,41.900002
2018-02-12,43.150002
2018-02-13,44.139999
2018-02-14,45.040001
2018-02-15,44.93
2018-02-16,45.200001
2018-02-20,44.900002
2018-02-21,44.48
2018-02-22,44.779999
2018-02-23,45.950001
2018-02-26,46.639999
2018-02-27,47.07
2018-02-28,46.75
2018-03-01,46.400002
2018-03-02,46.099998
2018-03-05,46.75
2018-03-06,46.959999
2018-03-07,46.880001
2018-03-08,46.98
2018-03-09,47.59
2018-03-12,47.669998
2018-03-13,47.619999
2018-03-14,47.25
2018-03-15,47.400002
2018-03-16,47.419998
2018-03-19,47.310001
2018-03-20,47.880001
2018-03-21,47.720001
2018-03-22,46.48
2018-03-23,45.220001
2018-03-26,46.75
2018-03-27,46.68
2018-03-28,46.700001
2018-03-29,47.220001
2018-04-02,46.459999
2018-04-03,46.830002
2018-04-04,47.25
2018-04-05,47.790001
2018-04-06,46.73
2018-04-09,47.27
2018-04-10,47.869999
2018-04-11,47.240002
2018-04-12,47.209999
2018-04-13,46.610001
2018-04-16,47.580002
2018-04-17,48.060001
2018-04-18,47.900002
2018-04-19,47.549999
2018-04-20,47.43
2018-04-23,47.279999
2018-04-24,46.889999
2018-04-25,45.389999
2018-04-26,45.220001
2018-04-27,45.669998
2018-04-30,45.310001
2018-05-01,45.799999
2018-05-02,46.290001
2018-05-03,45.959999
2018-05-04,46.73
2018-05-07,46.279999
2018-05-08,46.48
2018-05-09,46.709999
2018-05-10,47.240002
2018-05-11,47.040001
2018-05-14,46.959999
2018-05-15,46.93
2018-05-16,47.419998
2018-05-17,47.419998
2018-05-18,47.43
2018-05-21,47.73
2018-05-22,47.68
2018-05-23,47.849998
2018-05-24,47.75
2018-05-25,47.560001
2018-05-29,46.59
2018-05-30,47.080002
2018-05-31,46.189999
2018-06-01,46.07
2018-06-04,47
2018-06-05,47.57
2018-06-06,48.060001
2018-06-07,47.82
2018-06-08,48.59
2018-06-11,48.540001
2018-06-12,48.740002
2018-06-13,47.939999
2018-06-14,48.299999
2018-06-15,48.639999
2018-06-18,48.75
2018-06-19,48.709999
2018-06-20,49.049999
2018-06-21,48.720001
2018-06-22,48.799999
2018-06-25,47.119999
2018-06-26,47.209999
2018-06-27,47.130001
2018-06-28,47.349998
2018-06-29,47.740002
2018-07-02,47.66
2018-07-03,47.610001
2018-07-05,48.189999
2018-07-06,48.599998
2018-07-09,49.200001
2018-07-10,49.349998
2018-07-11,48.189999
2018-07-12,48.619999
2018-07-13,49.110001
2018-07-16,48.790001
2018-07-17,49.669998
2018-07-18,49.98
2018-07-19,49.66
2018-07-20,49.330002
2018-07-23,49.200001
2018-07-24,49.18
2018-07-25,49.349998
2018-07-26,49.84
2018-07-27,49.970001
2018-07-30,49.18
2018-07-31,49.799999
2018-08-01,49.860001
2018-08-02,49.32
2018-08-03,49.5
2018-08-06,49.369999
2018-08-07,49.599998
2018-08-08,48.07
2018-08-09,47.970001
2018-08-10,46.990002
2018-08-13,46.080002
2018-08-14,46.919998
2018-08-15,46.509998
2018-08-16,46.880001
2018-08-17,47.540001
2018-08-20,47.32
2018-08-21,48.080002
2018-08-22,47.849998
2018-08-23,47.630001
2018-08-24,47.560001
2018-08-27,47.970001
2018-08-28,48.34
2018-08-29,47.950001
2018-08-30,48.049999
2018-08-31,48.810001
2018-09-04,47.5
2018-09-05,47.16
2018-09-06,46.880001
2018-09-07,45.799999
2018-09-10,46.349998
2018-09-11,46.650002
2018-09-12,46.459999
2018-09-13,46.450001
2018-09-14,46.77
2018-09-17,45.73
2018-09-18,45.709999
2018-09-19,44.900002
2018-09-20,45.740002
2018-09-21,45.459999
2018-09-24,45.25
2018-09-25,44.540001
2018-09-26,44.330002
2018-09-27,44.200001
2018-09-28,44.099998
2018-10-01,44.439999
2018-10-02,44.060001
2018-10-03,44.32
2018-10-04,43.27
2018-10-05,42.07
2018-10-08,42.060001
2018-10-09,41.200001
2018-10-10,40.009998
2018-10-11,39.009998
2018-10-12,38.91
2018-10-15,39.48
2018-10-16,40.32
2018-10-17,39.66
2018-10-18,39.389999
2018-10-19,39.549999
2018-10-22,39.259998
2018-10-23,39.290001
2018-10-24,38.549999
2018-10-25,39.34
2018-10-26,38.77
2018-10-29,39.360001
2018-10-30,40.119999
2018-10-31,40.290001
2018-11-01,42.25
2018-11-02,41.740002
2018-11-05,41.889999
2018-11-06,42.810001
2018-11-07,43.59
2018-11-08,43.610001
2018-11-09,42.990002
2018-11-12,42.720001
2018-11-13,42.669998
2018-11-14,42.919998
2018-11-15,43.18
2018-11-16,43.720001
2018-11-19,43.610001
2018-11-20,42.119999
2018-11-21,42.25
2018-11-23,42.73
2018-11-26,43.209999
2018-11-27,42.75
2018-11-28,43.59
2018-11-29,43.139999
2018-11-30,43.68
2018-12-03,44.259998
2018-12-04,41.740002
2018-12-06,42.599998
2018-12-07,41.150002
2018-12-10,41.150002
2018-12-11,40.970001
2018-12-12,40.810001
2018-12-13,41.459999
2018-12-14,41.040001
2018-12-17,39.459999
2018-12-18,41.150002
2018-12-19,40.470001
2018-12-20,39.400002
2018-12-21,38.73
2018-12-24,37.639999
2018-12-26,39.43
2018-12-27,40.130001
2018-12-28,39.889999
2018-12-31,40.040001
2019-01-02,39.93
2019-01-03,37.889999
2019-01-04,39.450001
2019-01-07,40.009998
2019-01-08,41.32
2019-01-09,41.610001
2019-01-10,42.09
2019-01-11,42.529999
2019-01-14,42.310001
2019-01-15,42.59
2019-01-16,42.98
2019-01-17,43.75
2019-01-18,44.549999
2019-01-22,43.98
2019-01-23,43.25
2019-01-24,44.060001
2019-01-25,44.650002
2019-01-28,44.529999
2019-01-29,44.59
2019-01-30,45.299999
2019-01-31,45.75
2019-02-01,45.919998
2019-02-04,46.540001
2019-02-05,46.57
2019-02-06,46.279999
2019-02-07,46.16
2019-02-08,46.389999
2019-02-11,46.759998
2019-02-12,47.830002
2019-02-13,49.240002
2019-02-14,49.48
2019-02-15,50.040001
2019-02-19,50.130001
2019-02-20,50.119999
2019-02-21,50.57
2019-02-22,50.869999
2019-02-25,50.470001
2019-02-26,49.990002
2019-02-27,49.720001
2019-02-28,49.759998
2019-03-01,49.669998
2019-03-04,50.310001
2019-03-05,50.5
2019-03-06,49.299999
2019-03-07,49.860001
2019-03-08,50.09
2019-03-11,50.57
2019-03-12,49.790001
2019-03-13,50.330002
2019-03-14,50.110001
2019-03-15,50.639999
2019-03-18,50.889999
2019-03-19,50.57
2019-03-20,49.369999
2019-03-21,49.720001
2019-03-22,48.25
2019-03-25,48.290001
2019-03-26,48.82
2019-03-27,48.599998
2019-03-28,48.93
2019-03-29,49.450001
2019-04-01,50.349998
2019-04-02,50.450001
2019-04-03,50.939999
2019-04-04,50.889999
2019-04-05,51.310001
2019-04-08,50.91
2019-04-09,50.380001
2019-04-10,50.869999
2019-04-11,51.259998
2019-04-12,52.169998
2019-04-15,51.240002
2019-04-16,50.669998
2019-04-17,50.41
2019-04-18,50.73
2019-04-22,50.509998
2019-04-23,51.490002
2019-04-24,51.75
2019-04-25,51.290001
2019-04-26,51.75
2019-04-29,51.439999
2019-04-30,52.07
2019-05-01,51.48
2019-05-02,51.43
2019-05-03,51.810001
2019-05-06,51.610001
2019-05-07,50.029999
2019-05-08,49.470001
2019-05-09,48.610001
2019-05-10,48.709999
2019-05-13,48.130001
2019-05-14,47.709999
2019-05-15,47.75
2019-05-16,47.689999
2019-05-17,47.299999
2019-05-20,46.779999
2019-05-21,47.299999
2019-05-22,47.290001
2019-05-23,47.349998
2019-05-24,48.110001
2019-05-28,48.41
2019-05-29,47.220001
2019-05-30,46.27
2019-05-31,45.700001
2019-06-03,46.470001
2019-06-04,47.360001
2019-06-05,47.75
2019-06-06,48.310001
2019-06-07,49.259998
2019-06-10,49.900002
2019-06-11,49.700001
2019-06-12,49.07
2019-06-13,49.73
2019-06-14,49.560001
2019-06-17,49.669998
2019-06-18,50.23
2019-06-19,50.43
2019-06-20,50.549999
2019-06-21,51.349998
2019-06-24,50.689999
2019-06-25,50.040001
2019-06-26,49.740002
2019-06-27,50.830002
2019-06-28,51.299999
2019-07-01,52.32
2019-07-02,52.25
2019-07-03,52.950001
2019-07-05,52.77
2019-07-08,51.790001
2019-07-09,52.25
2019-07-10,52.040001
2019-07-11,52.279999
2019-07-12,52.799999
2019-07-15,52.689999
2019-07-16,52.560001
2019-07-17,52
2019-07-18,52.220001
2019-07-19,52.110001
2019-07-22,52.209999
2019-07-23,52.560001
2019-07-24,52.990002
2019-07-25,52.540001
2019-07-26,52.880001
2019-07-29,52.990002
2019-07-30,53.189999
2019-07-31,53.009998
2019-08-01,54.5
2019-08-02,53.509998
2019-08-05,50.790001
2019-08-06,51.599998
2019-08-07,51.66
2019-08-08,53.09
2019-08-09,53.23
2019-08-12,52.509998
2019-08-13,52.869999
2019-08-14,49.860001
2019-08-15,50.459999
2019-08-16,51.650002
2019-08-19,52.23
2019-08-20,52.139999
2019-08-21,52.799999
2019-08-22,51.860001
2019-08-23,49.259998
2019-08-26,49.389999
2019-08-27,49.330002
2019-08-28,50.110001
2019-08-29,51.630001
2019-08-30,52.27
2019-09-03,51.950001
2019-09-04,52.580002
2019-09-05,53.150002
2019-09-06,53.860001
2019-09-09,55.349998
2019-09-10,55.73
2019-09-11,55.110001
2019-09-12,54.720001
2019-09-13,54
2019-09-16,54.119999
2019-09-17,53.900002
2019-09-18,53.919998
2019-09-19,53.849998
2019-09-20,53.540001
2019-09-23,52.779999
2019-09-24,52.360001
2019-09-25,53.380001
2019-09-26,53.240002
2019-09-27,52.900002
2019-09-30,53.009998
2019-10-01,51.189999
2019-10-02,49.450001
2019-10-03,49.98
2019-10-04,50.669998
2019-10-07,50.419998
2019-10-08,49.630001
2019-10-09,50.34
2019-10-10,50.490002
2019-10-11,51.82
2019-10-14,51.98
2019-10-15,52.490002
2019-10-16,52.470001
2019-10-17,52.349998
2019-10-18,52.209999
2019-10-21,52.650002
2019-10-22,51.709999
2019-10-23,52.369999
2019-10-24,52.450001
2019-10-25,52.610001
2019-10-28,53.25
2019-10-29,53.630001
2019-10-30,53.810001
2019-10-31,53.549999
2019-11-01,54.790001
2019-11-04,54.84
2019-11-05,55.540001
2019-11-06,53.080002
2019-11-07,54.5
2019-11-08,54.889999
2019-11-11,55.16
2019-11-12,55.049999
2019-11-13,55.07
2019-11-14,55.57
2019-11-15,56.439999
2019-11-18,56.049999
2019-11-19,55.869999
2019-11-20,55.5
2019-11-21,54.779999
2019-11-22,54.91
2019-11-25,56.119999
2019-11-26,57.880001
2019-11-27,57.560001
2019-11-29,57.02
2019-12-02,56.52
2019-12-03,56.32
2019-12-04,57.029999
2019-12-05,57.869999
2019-12-06,58.5
2019-12-09,58.279999
2019-12-10,58.48
2019-12-11,58.41
2019-12-12,58.959999
2019-12-13,58.259998
2019-12-16,59.220001
2019-12-17,58.84
2019-12-18,60.110001
2019-12-19,59.82
2019-12-20,60.639999
2019-12-23,60.110001
2019-12-24,60.59
2019-12-26,61.279999
2019-12-27,60.950001
2019-12-30,61.040001
2019-12-31,61.290001
2020-01-02,61.48
2020-01-03,60.970001
2020-01-06,60.689999
2020-01-07,60.619999
2020-01-08,60.200001
2020-01-09,60.560001
2020-01-10,60.240002
2020-01-13,60.66
2020-01-14,60.279999
2020-01-15,60.389999
2020-01-16,60.799999
2020-01-17,61.029999
2020-01-21,61.099998
2020-01-22,60.91
2020-01-23,60.84
2020-01-24,60.77
2020-01-27,60.439999
2020-01-28,61.459999
2020-01-29,61.450001
2020-01-30,61.880001
2020-01-31,61.049999
2020-02-03,62.02
2020-02-04,63.43
2020-02-05,63.93
2020-02-06,63.880001
2020-02-07,64.029999
2020-02-10,64.25
2020-02-11,63.080002
2020-02-12,63.689999
2020-02-13,64.120003
2020-02-14,63.959999
2020-02-18,63.459999
2020-02-19,63.400002
2020-02-20,63.700001
2020-02-21,62.73
2020-02-24,60.07
2020-02-25,57.959999
2020-02-26,56.93
2020-02-27,56.540001
2020-02-28,56.139999
2020-03-02,58.189999
2020-03-03,57.73
2020-03-04,59.16
2020-03-05,56.779999
2020-03-06,54.580002
2020-03-09,49.169998
2020-03-10,52.610001
2020-03-11,49.689999
2020-03-12,44.529999
2020-03-13,46.380001
2020-03-16,38.400002
2020-03-17,36.279999
2020-03-18,35.52
2020-03-19,39.439999
2020-03-20,34.259998
2020-03-23,29.83
2020-03-24,33.860001
2020-03-25,35.799999
2020-03-26,40.650002
2020-03-27,39.200001
2020-03-30,41.029999
2020-03-31,37.709999
2020-04-01,35.740002
2020-04-02,36.669998
2020-04-03,35.5
2020-04-06,39.779999
2020-04-07,42.049999
2020-04-08,45.259998
2020-04-09,45.610001
2020-04-13,43.459999
2020-04-14,43.860001
2020-04-15,42.889999
2020-04-16,42.540001
2020-04-17,44.5
2020-04-20,41.959999
2020-04-21,39.970001
2020-04-22,39.77
2020-04-23,39.990002